<?xml version="1.0" encoding="UTF-8"?>
<LightningComponentBundle xmlns="http://soap.sforce.com/2006/04/metadata">
    <apiVersion>62.0</apiVersion>
    <isExposed>true</isExposed>
    <isExposed>true</isExposed>
    <targets>
        <target>lightningCommunity__Page</target>
        <target>lightningCommunity__Default</target>
        <target>lightning__RecordPage</target>
        <target>lightning__AppPage</target>
        <target>lightning__HomePage</target>
        <target>lightning__FlowScreen</target>
    </targets>
    <targetConfigs>
        <targetConfig targets="lightning__FlowScreen,lightning__RecordPage,lightningCommunity__Default">
            <property name="recordId" type="String" label="Enter the Record Id"/>
            <property name="ContentVersionData" type="String" label="The signature Id"
                        description="Please do not provide any input to this value"/>
            <property name="contentVersionId" type="String" label="The Content Version Id (Singature)"
                        description="Please do not provide any input to this value"/>
        </targetConfig>
    </targetConfigs>
</LightningComponentBundle>