{
  "activeBrandingSetId" : "16c1d7a8-112c-4d3e-b29f-3578405cb97b",
  "customCSS" : ".label_none label{\n    display:none !important;\n}\n/*** Reset password --> back to login button  ***/\n\n.slds-col--padded.slds-size--12-of-12.slds-medium-size--6-of-12.slds-medium-order--2.slds-large-size--6-of-12.slds-large-order--2.comm-layout-column a.inverseTextColor {\n    background: #007073;\n    color: #fff !important;\n    border: 2px solid #007073 !important;\n    padding: 8px;\n    text-align: center;\n    font-family: 'Open Sans', sans-serif;\n    font-size: 16px;\n    font-weight: 600;\n    text-decoration: none;\n    border-radius: 4px\n\n}\n\n.slds-col--padded.slds-size--12-of-12.slds-medium-size--6-of-12.slds-medium-order--2.slds-large-size--6-of-12.slds-large-order--2.comm-layout-column a.inverseTextColor:hover {\n    background: #fff;\n    color: #007073 !important;\n    box-shadow: 0 10px 10px rgba(0,0,0,0.160784);\n}\n\n/*** Reset password --> error msg  ***/\n\n.salesforceIdentityForgotPassword2 .error .uiOutputRichText {\n    color: #fff;\n}\n\n/** edit button inline edit field on record detail page **/\n\n.inline-edit-trigger-icon{\n    display:none !important;\n}\n\n/*** Hide Mark Status as Complete Button ***/\n.themeLayoutStarterWrapper.siteforceThemeLayoutStarter{display: flex; flex-direction: column; min-height: 100vh; }\n.slds-path .slds-path__mark-complete {\n    width: auto;\n    display: none;\n}\n\n/** Hide Follow Button **/\ndiv[data-target-selection-name*='.Follow'] {    display: none;}",
  "developerName" : "starter",
  "id" : "ebac5418-60ef-4a12-865d-359e81a18520",
  "label" : "Build Your Own",
  "layouts" : {
    "Inner" : "d68cdd96-ac39-4c04-9bfa-8586be3f232e",
    "Login" : "136eebc5-42ef-40ae-9de3-814796b348c9",
    "ServiceNotAvailable" : "30ab60ff-fc68-440f-9852-819f92a5ec94"
  },
  "type" : "theme",
  "views" : [ {
    "componentAttributes" : { },
    "componentName" : "c:VBD_ThemeTemplate",
    "id" : "136eebc5-42ef-40ae-9de3-814796b348c9",
    "label" : "Login",
    "regions" : [ {
      "id" : "d316c8ee-13c3-4142-900b-e9dcb064eaa8",
      "regionName" : "header",
      "type" : "region"
    }, {
      "id" : "39897970-4a6c-48d3-a048-916e9a6eab36",
      "regionName" : "content",
      "type" : "region"
    }, {
      "id" : "cdb8c881-fae4-412f-a55b-26d470191c98",
      "regionName" : "footer",
      "type" : "region"
    }, {
      "components" : [ {
        "componentAttributes" : {
          "maxAutoCompleteResults" : 5,
          "searchLabel" : "Search...",
          "searchObjects" : [ {
            "isPublic" : true,
            "name" : "Account"
          } ]
        },
        "componentName" : "forceCommunity:globalSearchInput",
        "id" : "6915c14c-1af1-41b3-84c7-212e943e98e6",
        "renditionMap" : { },
        "type" : "component"
      } ],
      "id" : "21a8fcee-585f-416d-a164-5a72a5b82292",
      "regionName" : "search",
      "type" : "region"
    }, {
      "components" : [ {
        "componentAttributes" : {
          "NavigationMenuEditorRefresh" : "",
          "hideAppLauncher" : true,
          "hideHomeText" : true
        },
        "componentName" : "forceCommunity:globalNavigation",
        "id" : "0e7236d3-c87b-4fa7-9179-390a87269f9e",
        "renditionMap" : { },
        "type" : "component"
      } ],
      "id" : "40e9bbca-b881-4b81-b323-fb7af49d2127",
      "regionName" : "navBar",
      "type" : "region"
    }, {
      "components" : [ {
        "componentAttributes" : {
          "accountManagementLabel" : "Account Management",
          "communityBuilderLabel" : "Experience Builder",
          "communitySetupLabel" : "Salesforce Setup",
          "contactSupportLabel" : "Contact Support",
          "filterName" : "MyCases",
          "homeLabel" : "Home",
          "includeContactSupport" : true,
          "includeMessages" : false,
          "loginLabel" : "Login",
          "logoutLabel" : "Logout",
          "myAccountLabel" : "My Account",
          "showAccountManagement" : true,
          "showUserSettings" : true,
          "userSettingsLabel" : "My Settings",
          "viewProfileLabel" : "My Profile"
        },
        "componentName" : "selfService:userProfileMenu",
        "id" : "6fcd854e-7144-4086-9b94-e4c3d9407e48",
        "renditionMap" : { },
        "type" : "component"
      } ],
      "id" : "ab21eb17-d4c4-4cf7-af7c-d86dee430d42",
      "regionName" : "profileMenu",
      "type" : "region"
    } ],
    "type" : "view"
  }, {
    "componentAttributes" : { },
    "componentName" : "c:VBD_ThemeTemplate",
    "id" : "d68cdd96-ac39-4c04-9bfa-8586be3f232e",
    "label" : "Default",
    "regions" : [ {
      "components" : [ {
        "componentAttributes" : {
          "maxAutoCompleteResults" : 5,
          "searchLabel" : "Search...",
          "searchObjects" : [ {
            "isPublic" : true,
            "name" : "Account"
          } ]
        },
        "componentName" : "forceCommunity:globalSearchInput",
        "id" : "027f6449-3b99-4cc6-923d-23be90c5aedf",
        "renditionMap" : { },
        "type" : "component"
      } ],
      "id" : "46dee960-aca2-4a0e-bb66-70ee6f5dfd24",
      "regionName" : "search",
      "type" : "region"
    }, {
      "components" : [ {
        "componentAttributes" : {
          "accountManagementLabel" : "Account Management",
          "communityBuilderLabel" : "Experience Builder",
          "communitySetupLabel" : "Salesforce Setup",
          "contactSupportLabel" : "Contact Support",
          "filterName" : "MyCases",
          "homeLabel" : "Home",
          "includeContactSupport" : true,
          "includeMessages" : false,
          "loginLabel" : "Login",
          "logoutLabel" : "Logout",
          "myAccountLabel" : "My Account",
          "showAccountManagement" : true,
          "showUserSettings" : true,
          "userSettingsLabel" : "My Settings",
          "viewProfileLabel" : "My Profile"
        },
        "componentName" : "selfService:userProfileMenu",
        "id" : "a35b1afb-f0d6-4b5a-b980-0e01c10f44c9",
        "renditionMap" : { },
        "type" : "component"
      } ],
      "id" : "b54f28c2-3e1a-47df-801d-63e13769b782",
      "regionName" : "profileMenu",
      "type" : "region"
    }, {
      "components" : [ {
        "componentAttributes" : {
          "NavigationMenuEditorRefresh" : "",
          "hideAppLauncher" : true,
          "hideHomeText" : true
        },
        "componentName" : "forceCommunity:globalNavigation",
        "id" : "3ea7fc2e-55f2-4e0e-9f38-803f48d4fd67",
        "renditionMap" : { },
        "type" : "component"
      } ],
      "id" : "5b49af8e-ffb9-4380-947c-07d9e7c19b77",
      "regionName" : "navBar",
      "type" : "region"
    }, {
      "id" : "e3df63dd-a909-48b6-a09e-55335f70fe08",
      "regionName" : "header",
      "type" : "region"
    }, {
      "id" : "1149a251-e1ba-4083-9cf7-b5b876d1ac7c",
      "regionName" : "footer",
      "type" : "region"
    }, {
      "id" : "055d392f-0bba-44c7-8a6e-dc504090cab1",
      "regionName" : "themeHeader",
      "type" : "region"
    }, {
      "id" : "c19b0abe-13a0-4c07-9481-94f2c3488d07",
      "regionName" : "themeHero",
      "type" : "region"
    }, {
      "id" : "5ce90cbc-0c35-4223-a527-d6f0e017896e",
      "regionName" : "themeFooter",
      "type" : "region"
    } ],
    "type" : "view"
  }, {
    "componentAttributes" : {
      "fixedPageWidth" : 1170,
      "headerBgColor" : "rgba(0, 0, 0, 0)",
      "isHeaderPinned" : false,
      "isHeroUnderHeader" : false,
      "isPageWidthFixed" : true,
      "showHeader" : true,
      "showHero" : true
    },
    "componentName" : "siteforce:themeLayoutStarter",
    "id" : "30ab60ff-fc68-440f-9852-819f92a5ec94",
    "label" : "ServiceNotAvailable",
    "regions" : [ {
      "id" : "fb1a9e0a-07e6-4a17-a613-c44bd3fc64db",
      "regionName" : "themeHeader",
      "type" : "region"
    }, {
      "id" : "32084f78-ef46-490e-88cf-68d53c422018",
      "regionName" : "themeFooter",
      "type" : "region"
    } ],
    "type" : "view"
  } ]
}