{
  "appPageId" : "fd947516-fc5a-40f5-b20a-a74f020f15a1",
  "componentName" : "siteforce:sldsOneColLayout",
  "dataProviders" : [ ],
  "id" : "1f49e979-c2cc-485e-8760-7f898b209d24",
  "label" : "Bonus Type Detail",
  "regions" : [ {
    "id" : "f5995ac0-2274-45ae-8de4-e52a34552c74",
    "regionName" : "header",
    "type" : "region"
  }, {
    "components" : [ {
      "componentAttributes" : {
        "recordId" : "{!recordId}"
      },
      "componentName" : "forceCommunity:recordHeadline",
      "id" : "788c6932-7e42-47ba-a8f2-59e2ca091e1a",
      "renderPriority" : "NEUTRAL",
      "renditionMap" : { },
      "type" : "component"
    }, {
      "componentAttributes" : {
        "detailsTabLabel" : "Details",
        "discussionsTabLabel" : "Feed",
        "recordId" : "{!recordId}",
        "relatedTabLabel" : "Related",
        "showLegacyActivityComposer" : false,
        "tab1Type" : "details",
        "tab2Type" : "related",
        "tab3Type" : "chatter",
        "tab4Type" : "none",
        "timelineTabLabel" : "Activity"
      },
      "componentName" : "forceCommunity:recordHomeTabs",
      "id" : "199f69a5-679e-4c5e-8700-da6752776c50",
      "renderPriority" : "NEUTRAL",
      "renditionMap" : { },
      "type" : "component"
    } ],
    "id" : "bee1ceab-7109-46d7-a19a-0d580b0bdaed",
    "regionName" : "content",
    "type" : "region"
  }, {
    "id" : "f900a9c4-06ee-4bcc-a8f7-6ce3dfdd4883",
    "regionName" : "footer",
    "type" : "region"
  }, {
    "components" : [ {
      "componentAttributes" : {
        "customHeadTags" : "",
        "description" : "",
        "title" : "{!Record._Object}: {!Record._Title}"
      },
      "componentName" : "forceCommunity:seoAssistant",
      "id" : "99d77113-6e79-49dd-9e52-139aa3ed1e57",
      "renditionMap" : { },
      "type" : "component"
    } ],
    "id" : "bbc7e82a-6aeb-4976-888c-b9217ad5e395",
    "regionName" : "sfdcHiddenRegion",
    "type" : "region"
  } ],
  "themeLayoutType" : "Inner",
  "type" : "view",
  "viewType" : "detail-a0E"
}