{
  "appPageId" : "fd947516-fc5a-40f5-b20a-a74f020f15a1",
  "componentName" : "siteforce:sldsOneColLayout",
  "dataProviders" : [ ],
  "id" : "024d3165-4bef-48b0-97e6-817598ce54cb",
  "label" : "Bonus Claim Service History",
  "regions" : [ {
    "id" : "286e2c3f-647c-4969-ae3d-047b62b815d3",
    "regionName" : "header",
    "type" : "region"
  }, {
    "components" : [ {
      "componentAttributes" : { },
      "componentName" : "c:vbdBonusClaimServiceHistory",
      "id" : "163e66f7-c8f5-4fb3-abfa-e22d19884b4a",
      "renderPriority" : "NEUTRAL",
      "renditionMap" : { },
      "type" : "component"
    } ],
    "id" : "542ac7e7-a0a6-4bdb-bc28-e9841d43a161",
    "regionName" : "content",
    "type" : "region"
  }, {
    "id" : "1b5893c6-35f0-479b-905e-ba490e46f7d6",
    "regionName" : "footer",
    "type" : "region"
  }, {
    "components" : [ {
      "componentAttributes" : {
        "customHeadTags" : "",
        "description" : "",
        "title" : "Bonus Claim Service History"
      },
      "componentName" : "forceCommunity:seoAssistant",
      "id" : "2a009fab-ea12-426f-a894-d559db5346c3",
      "renditionMap" : { },
      "type" : "component"
    } ],
    "id" : "43e2cb20-d5ef-46aa-b28c-95c74e38d4cd",
    "regionName" : "sfdcHiddenRegion",
    "type" : "region"
  } ],
  "themeLayoutType" : "Inner",
  "type" : "view",
  "viewType" : "custom-bonus-claim-service-history"
}