{
  "appPageId" : "fd947516-fc5a-40f5-b20a-a74f020f15a1",
  "componentName" : "siteforce:sldsOneColLayout",
  "dataProviders" : [ ],
  "id" : "717ab7eb-3eb6-4425-91a2-7a98f7a1ad93",
  "label" : "Bonus Claim Documentation",
  "regions" : [ {
    "id" : "fc5f0bef-6d86-420f-975a-0d41b7a73190",
    "regionName" : "header",
    "type" : "region"
  }, {
    "components" : [ {
      "componentAttributes" : { },
      "componentName" : "c:vbdSignature",
      "id" : "cfdcb3e9-cae3-461b-be37-850091f2341d",
      "renderPriority" : "NEUTRAL",
      "renditionMap" : { },
      "type" : "component"
    } ],
    "id" : "3d5906d9-cee4-4327-b925-a8dcfc2db2fc",
    "regionName" : "content",
    "type" : "region"
  }, {
    "id" : "89bef817-c010-4f3f-8f75-f2d252abcf96",
    "regionName" : "footer",
    "type" : "region"
  }, {
    "components" : [ {
      "componentAttributes" : {
        "customHeadTags" : "",
        "description" : "",
        "title" : "Bonus Claim Documentation"
      },
      "componentName" : "forceCommunity:seoAssistant",
      "id" : "ab93da9f-5678-4c92-bacf-4424fc9ba4b0",
      "renditionMap" : { },
      "type" : "component"
    } ],
    "id" : "9b8183fd-dfec-47ec-bc6d-9cab32f330ff",
    "regionName" : "sfdcHiddenRegion",
    "type" : "region"
  } ],
  "themeLayoutType" : "Inner",
  "type" : "view",
  "viewType" : "custom-bonus-claim-documentation"
}