{
  "appPageId" : "fd947516-fc5a-40f5-b20a-a74f020f15a1",
  "componentName" : "siteforce:sldsOneColLayout",
  "dataProviders" : [ ],
  "id" : "01423c55-cd14-486e-a8f1-81a4a96e67b4",
  "label" : "Bonus Claim Creation",
  "regions" : [ {
    "id" : "5aa99250-9b28-4d34-a09f-576203b6a640",
    "regionName" : "header",
    "type" : "region"
  }, {
    "components" : [ {
      "componentAttributes" : { },
      "componentName" : "c:vbdBonusClaimCreation",
      "id" : "42ed12fb-c463-459c-82ab-4e5576f48636",
      "renderPriority" : "NEUTRAL",
      "renditionMap" : { },
      "type" : "component"
    } ],
    "id" : "f665b12f-1959-4bfa-8857-4ae58ce0b357",
    "regionName" : "content",
    "type" : "region"
  }, {
    "id" : "7bacb66f-3bf2-4e05-8122-ba61866268b6",
    "regionName" : "footer",
    "type" : "region"
  }, {
    "components" : [ {
      "componentAttributes" : {
        "customHeadTags" : "",
        "description" : "",
        "title" : "Bonus Claim Creation"
      },
      "componentName" : "forceCommunity:seoAssistant",
      "id" : "9d85139b-67d9-429a-b446-fe7fa8b5cfd8",
      "renditionMap" : { },
      "type" : "component"
    } ],
    "id" : "13f492b5-517d-4296-9ca8-e936df44d87d",
    "regionName" : "sfdcHiddenRegion",
    "type" : "region"
  } ],
  "themeLayoutType" : "Inner",
  "type" : "view",
  "viewType" : "custom-bonus-claim-creation"
}