{
  "appPageId" : "fd947516-fc5a-40f5-b20a-a74f020f15a1",
  "componentName" : "siteforce:sldsOneColLayout",
  "dataProviders" : [ ],
  "id" : "cf437aee-8a52-49a3-9181-cb10e464d02d",
  "label" : "Bonus Claim Detail",
  "regions" : [ {
    "components" : [ {
      "componentAttributes" : {
        "recordId" : "{!recordId}"
      },
      "componentName" : "forceCommunity:recordHeadline",
      "id" : "9d61ee3d-29a8-435b-acb5-f724c5588d0c",
      "renderPriority" : "NEUTRAL",
      "renditionMap" : { },
      "type" : "component"
    } ],
    "id" : "74f31c51-8115-4ff4-9965-2c57c9e7b697",
    "regionName" : "header",
    "type" : "region"
  }, {
    "components" : [ {
      "componentAttributes" : {
        "recordId" : "{!recordId}"
      },
      "componentName" : "forceCommunity:pathAssistant",
      "id" : "7e75e0c0-ba64-459e-b5a9-7b37dd23d795",
      "renderPriority" : "NEUTRAL",
      "renditionMap" : { },
      "type" : "component"
    }, {
      "componentAttributes" : {
        "tabsetConfig" : {
          "UUID" : "37103c28-0c0f-4102-a281-b0bf372f753c",
          "activeTab" : "",
          "tabs" : [ {
            "UUID" : "77041ec3-d343-448c-9114-c832e1c4707f",
            "allowGuestUser" : false,
            "locked" : false,
            "seedComponents" : [ ],
            "tabKey" : "1",
            "tabName" : "Details"
          }, {
            "UUID" : "bce75ef3-bfe2-492c-bcc8-62b26df3fd30",
            "allowGuestUser" : false,
            "locked" : false,
            "seedComponents" : [ ],
            "tabKey" : "2",
            "tabName" : "Service History"
          }, {
            "UUID" : "5727b7e8-5192-4135-bcdc-b4bda13775bc",
            "allowGuestUser" : false,
            "locked" : false,
            "seedComponents" : [ ],
            "tabKey" : "d12d1",
            "tabName" : "Inquiries"
          }, {
            "UUID" : "0a2d7270-d37f-4114-9cb8-9606413ad40c",
            "allowGuestUser" : false,
            "locked" : false,
            "seedComponents" : [ ],
            "tabKey" : "3",
            "tabName" : "Documents"
          } ],
          "useOverflowMenu" : false
        }
      },
      "componentName" : "forceCommunity:tabset",
      "id" : "37103c28-0c0f-4102-a281-b0bf372f753c",
      "regions" : [ {
        "components" : [ {
          "componentAttributes" : {
            "detailsTabLabel" : "Details",
            "discussionsTabLabel" : "Feed",
            "recordId" : "{!recordId}",
            "relatedTabLabel" : "Related",
            "showLegacyActivityComposer" : false,
            "tab1Type" : "details",
            "tab2Type" : "none",
            "tab3Type" : "none",
            "tab4Type" : "none",
            "timelineTabLabel" : "Activity"
          },
          "componentName" : "forceCommunity:recordHomeTabs",
          "id" : "3c813079-6e89-4c55-af67-d45e4bf1b878",
          "renditionMap" : { },
          "type" : "component"
        } ],
        "id" : "77041ec3-d343-448c-9114-c832e1c4707f",
        "regionLabel" : "Details",
        "regionName" : "1",
        "renditionMap" : { },
        "type" : "region"
      }, {
        "components" : [ {
          "componentAttributes" : { },
          "componentName" : "c:vbdServiceHistoryPortal",
          "id" : "5162a06a-51e3-4a9b-a3e1-df12046ad6c0",
          "renditionMap" : { },
          "type" : "component"
        } ],
        "id" : "bce75ef3-bfe2-492c-bcc8-62b26df3fd30",
        "regionLabel" : "Service History",
        "regionName" : "2",
        "renditionMap" : { },
        "type" : "region"
      }, {
        "components" : [ {
          "componentAttributes" : {
            "relatedListApiName" : "Inquirys__r",
            "relatedListComponentOverride" : "GRID",
            "width" : "MEDIUM"
          },
          "componentName" : "forceCommunity:responsiveRelatedListSingle",
          "id" : "988fff81-0008-4cfc-bf08-c061508d9c10",
          "renditionMap" : { },
          "type" : "component"
        } ],
        "id" : "5727b7e8-5192-4135-bcdc-b4bda13775bc",
        "regionLabel" : "Inquiries",
        "regionName" : "d12d1",
        "renditionMap" : { },
        "type" : "region"
      }, {
        "components" : [ {
          "componentAttributes" : {
            "recordId" : "{!recordId}"
          },
          "componentName" : "c:vbdDocumentUploade",
          "id" : "3d494907-a468-4fa9-84a7-6e3ef7f31c33",
          "renditionMap" : { },
          "type" : "component"
        } ],
        "id" : "0a2d7270-d37f-4114-9cb8-9606413ad40c",
        "regionLabel" : "Documents",
        "regionName" : "3",
        "renditionMap" : { },
        "type" : "region"
      } ],
      "renderPriority" : "NEUTRAL",
      "renditionMap" : { },
      "type" : "component"
    } ],
    "id" : "239366f7-09da-4a5b-8739-abcf36cf4c75",
    "regionName" : "content",
    "type" : "region"
  }, {
    "id" : "93240ba1-971a-4695-ab28-c328be357428",
    "regionName" : "footer",
    "type" : "region"
  }, {
    "components" : [ {
      "componentAttributes" : {
        "customHeadTags" : "",
        "description" : "",
        "title" : "{!Record._Object}: {!Record._Title}"
      },
      "componentName" : "forceCommunity:seoAssistant",
      "id" : "64e16f1a-34b6-4ead-83c7-abe71817c828",
      "renditionMap" : { },
      "type" : "component"
    } ],
    "id" : "8a5e5459-38e5-406a-8591-07a5b841c1ca",
    "regionName" : "sfdcHiddenRegion",
    "type" : "region"
  } ],
  "themeLayoutType" : "Inner",
  "type" : "view",
  "viewType" : "detail-a0D"
}