{
  "appPageId" : "fd947516-fc5a-40f5-b20a-a74f020f15a1",
  "componentName" : "siteforce:sldsOneColLayout",
  "dataProviders" : [ ],
  "id" : "5be553b1-44c4-4e17-96d0-a0afd118825e",
  "label" : "Bonus Claim Preview",
  "regions" : [ {
    "id" : "88654430-5808-48a3-919e-dec7365746ca",
    "regionName" : "header",
    "type" : "region"
  }, {
    "components" : [ {
      "componentAttributes" : { },
      "componentName" : "c:vbdBonusClaimPreview",
      "id" : "ef055de8-09f0-43b8-9bc2-b7c296c6234e",
      "renderPriority" : "NEUTRAL",
      "renditionMap" : { },
      "type" : "component"
    } ],
    "id" : "b5ca2815-2be9-4191-9553-7029d8c8762e",
    "regionName" : "content",
    "type" : "region"
  }, {
    "id" : "65457508-b98b-449e-a4a8-e9e26606505f",
    "regionName" : "footer",
    "type" : "region"
  }, {
    "components" : [ {
      "componentAttributes" : {
        "customHeadTags" : "",
        "description" : "",
        "title" : "Bonus Claim Preview"
      },
      "componentName" : "forceCommunity:seoAssistant",
      "id" : "65dda67d-9cc6-4b87-8d5c-bb09c1de99c2",
      "renditionMap" : { },
      "type" : "component"
    } ],
    "id" : "d839f1d4-5f55-4f0f-890a-3500b11d6b1e",
    "regionName" : "sfdcHiddenRegion",
    "type" : "region"
  } ],
  "themeLayoutType" : "Inner",
  "type" : "view",
  "viewType" : "custom-bonus-claim-preview"
}