{
  "appPageId" : "fd947516-fc5a-40f5-b20a-a74f020f15a1",
  "componentName" : "siteforce:sldsOneColLayout",
  "dataProviders" : [ ],
  "id" : "6dfc42ce-5c25-4281-aa9a-21fb51ddfbcd",
  "label" : "Bonus Claim Related List",
  "regions" : [ {
    "id" : "e426ff6a-d0fa-45b5-86a2-71f1f9eb69cd",
    "regionName" : "header",
    "type" : "region"
  }, {
    "components" : [ {
      "componentAttributes" : {
        "customTitle" : "",
        "parentRecordId" : "{!recordId}",
        "relatedListName" : "{!relationshipApiName}",
        "showBreadCrumbs" : true,
        "showCustomTitle" : false,
        "showManualRefreshButton" : true,
        "showRowNumbers" : true
      },
      "componentName" : "forceCommunity:relatedList",
      "id" : "dec0af19-8e22-4c1a-b84d-945d70a41eb5",
      "renderPriority" : "NEUTRAL",
      "renditionMap" : { },
      "type" : "component"
    } ],
    "id" : "7ca2ae20-115f-418c-b7cd-eea72b523a9b",
    "regionName" : "content",
    "type" : "region"
  }, {
    "id" : "41bf5c58-0c4c-4cc8-911b-32ba8f52deca",
    "regionName" : "footer",
    "type" : "region"
  } ],
  "themeLayoutType" : "Inner",
  "type" : "view",
  "viewType" : "relatedlist-a0D"
}