{
  "appPageId" : "fd947516-fc5a-40f5-b20a-a74f020f15a1",
  "componentName" : "siteforce:sldsOneColLayout",
  "dataProviders" : [ ],
  "id" : "7a07f360-588c-4d50-b1d2-89638427cdac",
  "label" : "Bonus Type Selection",
  "regions" : [ {
    "id" : "edfc8f74-9368-4bfc-8b38-1757c1de5118",
    "regionName" : "header",
    "type" : "region"
  }, {
    "components" : [ {
      "componentAttributes" : { },
      "componentName" : "c:vbdBonusTypeSelection",
      "id" : "4151e687-7b3c-4674-a5de-4ef5df9c5391",
      "renderPriority" : "NEUTRAL",
      "renditionMap" : { },
      "type" : "component"
    } ],
    "id" : "ac4bca9d-72b6-42b5-b6a9-17da10bf214b",
    "regionName" : "content",
    "type" : "region"
  }, {
    "id" : "87acaab7-d352-47ff-9df1-5f089379623d",
    "regionName" : "footer",
    "type" : "region"
  }, {
    "components" : [ {
      "componentAttributes" : {
        "customHeadTags" : "",
        "description" : "",
        "title" : "Bonus Type Selection"
      },
      "componentName" : "forceCommunity:seoAssistant",
      "id" : "eb00d09f-b6c7-4fd0-bf17-73f68219c40f",
      "renditionMap" : { },
      "type" : "component"
    } ],
    "id" : "96a88af2-f270-426b-9c28-8b6962ead233",
    "regionName" : "sfdcHiddenRegion",
    "type" : "region"
  } ],
  "themeLayoutType" : "Inner",
  "type" : "view",
  "viewType" : "custom-bonus-type-selection"
}