{
  "appPageId" : "fd947516-fc5a-40f5-b20a-a74f020f15a1",
  "componentName" : "siteforce:sldsOneColLayout",
  "dataProviders" : [ ],
  "id" : "d4da829d-2e26-4410-b3a3-a12ea9fafbc7",
  "label" : "Bonus Type Related List",
  "regions" : [ {
    "id" : "d5e04354-4d01-4a86-9e26-29785a69e7e2",
    "regionName" : "header",
    "type" : "region"
  }, {
    "components" : [ {
      "componentAttributes" : {
        "customTitle" : "",
        "parentRecordId" : "{!recordId}",
        "relatedListName" : "{!relationshipApiName}",
        "showBreadCrumbs" : true,
        "showCustomTitle" : false,
        "showManualRefreshButton" : true,
        "showRowNumbers" : true
      },
      "componentName" : "forceCommunity:relatedList",
      "id" : "c77c91b4-946c-4817-a6ba-8e9433e36975",
      "renderPriority" : "NEUTRAL",
      "renditionMap" : { },
      "type" : "component"
    } ],
    "id" : "168da3d4-9017-4848-9127-90d0dd21e547",
    "regionName" : "content",
    "type" : "region"
  }, {
    "id" : "47aa1b48-a1b8-4dc4-9837-f4d7b3fade67",
    "regionName" : "footer",
    "type" : "region"
  } ],
  "themeLayoutType" : "Inner",
  "type" : "view",
  "viewType" : "relatedlist-a0E"
}