{
  "appPageId" : "91465249-d9a4-4601-a903-46367263ce96",
  "componentName" : "siteforce:sldsThreeCol363Layout",
  "dataProviders" : [ ],
  "id" : "4835854a-c7b9-4440-b9c3-f3a9a9f6ab8a",
  "label" : "Check Password",
  "regions" : [ {
    "components" : [ {
      "componentAttributes" : {
        "richTextValue" : "<p style=\"text-align: center;\"><span style=\"color: rgb(88, 82, 75); font-size: 22px;\">NOW, CHECK YOUR EMAIL</span></p>"
      },
      "componentName" : "forceCommunity:richTextInline",
      "id" : "adba09f2-5cdd-456b-9bb6-0091bcc69a78",
      "renderPriority" : "NEUTRAL",
      "renditionMap" : { },
      "type" : "component"
    }, {
      "componentAttributes" : {
        "richTextValue" : "<p style=\"text-align: center;\">Check the email account associated with your user name for instructions on resetting your password. Remember to look in your spam folder, where automated messages sometimes filter. If you still can't log in, contact your administrator.</p>"
      },
      "componentName" : "forceCommunity:richTextInline",
      "id" : "94536bab-afb2-455f-ab9d-2c0883dee7fb",
      "renderPriority" : "NEUTRAL",
      "renditionMap" : { },
      "type" : "component"
    } ],
    "id" : "91aef6ce-cb70-48a7-80e6-f46d5dc7fc64",
    "regionName" : "content",
    "type" : "region"
  }, {
    "components" : [ {
      "componentAttributes" : {
        "customHeadTags" : "",
        "description" : "",
        "title" : "Check Password"
      },
      "componentName" : "forceCommunity:seoAssistant",
      "id" : "ec28bea9-b174-4771-be31-bc5253c72898",
      "renditionMap" : { },
      "type" : "component"
    } ],
    "id" : "206a19d2-7c82-4545-8111-8d4faf67b00b",
    "regionName" : "sfdcHiddenRegion",
    "type" : "region"
  }, {
    "id" : "f0309865-04de-4127-9d8e-f996b31d3a1c",
    "regionName" : "header",
    "type" : "region"
  }, {
    "id" : "bb52a076-c63b-4158-ad23-f10cf26e1872",
    "regionName" : "sidebar",
    "type" : "region"
  }, {
    "id" : "1806cb3c-bfe7-40fa-b1b1-799466b361d6",
    "regionName" : "sidebarAlt",
    "type" : "region"
  }, {
    "components" : [ {
      "componentAttributes" : {
        "richTextValue" : "<p style=\"text-align: center;\"><a href=\"/vbc/s/login\" rel=\"noopener noreferrer\" target=\"_self\" style=\"background-color: rgb(255, 255, 255); font-size: 14px;\">Back to login</a></p>"
      },
      "componentName" : "forceCommunity:richTextInline",
      "id" : "8e9edb5e-5928-4c95-a2fe-c2066731b0af",
      "renderPriority" : "NEUTRAL",
      "renditionMap" : { },
      "type" : "component"
    } ],
    "id" : "292966ff-82b6-4136-8ad8-ad6d209f968b",
    "regionName" : "footer",
    "type" : "region"
  } ],
  "themeLayoutType" : "Login",
  "type" : "view",
  "viewType" : "check-password"
}