{
  "appPageId" : "fd947516-fc5a-40f5-b20a-a74f020f15a1",
  "componentName" : "siteforce:sldsOneColLayout",
  "dataProviders" : [ ],
  "id" : "74f1a4c0-b8c3-4e80-9db2-74b14b98d2f6",
  "label" : "Create Record",
  "regions" : [ {
    "id" : "22d0a599-9aff-4e07-87b8-511dc68308d0",
    "regionName" : "header",
    "type" : "region"
  }, {
    "components" : [ {
      "componentAttributes" : {
        "actionApiName" : "{!actionApiName}",
        "isMicrobatch" : false
      },
      "componentName" : "forceCommunity:createRecordForm",
      "id" : "2c748546-52cc-4862-9102-898f03e488d2",
      "renderPriority" : "NEUTRAL",
      "renditionMap" : { },
      "type" : "component"
    } ],
    "id" : "9eb7e180-ea77-49f4-ab07-142f16539532",
    "regionName" : "content",
    "type" : "region"
  }, {
    "id" : "ec5ea54c-2753-4430-b2e2-a9210935017c",
    "regionName" : "footer",
    "type" : "region"
  } ],
  "themeLayoutType" : "Inner",
  "type" : "view",
  "viewType" : "createrecord"
}