{
  "appPageId" : "fd947516-fc5a-40f5-b20a-a74f020f15a1",
  "componentName" : "siteforce:sldsThreeCol363Layout",
  "dataProviders" : [ ],
  "id" : "f23bf9c3-b8d1-450d-90c1-aba5b2826ee9",
  "label" : "Create Case",
  "regions" : [ {
    "id" : "187f5575-bd4c-44d8-adcf-29084ae2038c",
    "regionName" : "header",
    "type" : "region"
  }, {
    "id" : "cfeb32f0-4af9-42b5-8149-4876126764d6",
    "regionName" : "sidebar",
    "type" : "region"
  }, {
    "components" : [ {
      "componentAttributes" : { },
      "componentName" : "c:vbdPortalCreateCase",
      "id" : "bdf3ef99-2998-47df-b52f-113c43b612ca",
      "renderPriority" : "NEUTRAL",
      "renditionMap" : { },
      "type" : "component"
    } ],
    "id" : "b89d38fc-c6ee-4b4e-b854-5c7b49a4e98c",
    "regionName" : "content",
    "type" : "region"
  }, {
    "id" : "54d3a921-7349-4bbe-9040-93c24c662a14",
    "regionName" : "sidebarAlt",
    "type" : "region"
  }, {
    "id" : "25cc8175-b8aa-453c-beae-05b3ffb5516a",
    "regionName" : "footer",
    "type" : "region"
  }, {
    "components" : [ {
      "componentAttributes" : {
        "customHeadTags" : "",
        "description" : "",
        "title" : "Create Case"
      },
      "componentName" : "forceCommunity:seoAssistant",
      "id" : "57c32876-a8f0-429e-ac68-2226b85c252c",
      "renditionMap" : { },
      "type" : "component"
    } ],
    "id" : "cf222cf1-faf1-46b4-97ad-a5f2a2fb1d6d",
    "regionName" : "sfdcHiddenRegion",
    "type" : "region"
  } ],
  "themeLayoutType" : "Inner",
  "type" : "view",
  "viewType" : "custom-create-case"
}