{
  "appPageId" : "fd947516-fc5a-40f5-b20a-a74f020f15a1",
  "componentName" : "siteforce:sldsOneColLayout",
  "dataProviders" : [ ],
  "id" : "b144f0ea-258c-458a-b0b5-739adeaea238",
  "label" : "Error",
  "regions" : [ {
    "id" : "ca4dc141-3015-42f0-acf4-4bcb1a03dc80",
    "regionName" : "header",
    "type" : "region"
  }, {
    "id" : "2c20c56b-de4a-4be8-a25f-203b5006fbe6",
    "regionName" : "content",
    "type" : "region"
  }, {
    "id" : "7b8ec55e-e95c-4ced-88cd-e47651befb29",
    "regionName" : "footer",
    "type" : "region"
  }, {
    "components" : [ {
      "componentAttributes" : {
        "customHeadTags" : "",
        "description" : "",
        "title" : "Error"
      },
      "componentName" : "forceCommunity:seoAssistant",
      "id" : "6a85d776-eb1b-4856-8df0-e3075435684e",
      "renditionMap" : { },
      "type" : "component"
    } ],
    "id" : "2e95bd26-0bed-4124-a352-415b575dab9c",
    "regionName" : "sfdcHiddenRegion",
    "type" : "region"
  } ],
  "themeLayoutType" : "Inner",
  "type" : "view",
  "viewType" : "error"
}