{
  "appPageId" : "91465249-d9a4-4601-a903-46367263ce96",
  "componentName" : "siteforce:sldsThreeCol363Layout",
  "dataProviders" : [ ],
  "id" : "eea3633e-d78c-4a34-84cf-e0ec61b4bd1d",
  "label" : "Forgot Password",
  "regions" : [ {
    "components" : [ {
      "componentAttributes" : {
        "richTextValue" : "<p style=\"text-align: center;\"><span style=\"color: rgb(88, 82, 75); font-size: 22px;\">PASSWORD RESET</span></p>"
      },
      "componentName" : "forceCommunity:richTextInline",
      "id" : "35069ba9-671d-435f-818c-f27b710db1b7",
      "renderPriority" : "NEUTRAL",
      "renditionMap" : { },
      "type" : "component"
    }, {
      "componentAttributes" : {
        "richTextValue" : "<p style=\"text-align: center;\">To reset your password, we'll need your username.</p><p style=\"text-align: center;\"> We'll send password reset instructions to the email address associated with your account.</p>"
      },
      "componentName" : "forceCommunity:richTextInline",
      "id" : "2bdd18b6-d113-4b78-94dd-ee1bacbd6c00",
      "renderPriority" : "NEUTRAL",
      "renditionMap" : { },
      "type" : "component"
    }, {
      "componentAttributes" : {
        "checkEmailUrl" : "./CheckPasswordResetEmail",
        "submitButtonLabel" : "Reset Password",
        "usernameLabel" : "Username"
      },
      "componentName" : "salesforceIdentity:forgotPassword2",
      "id" : "38f1f486-8baa-4daf-92b3-52f6351d65bb",
      "renderPriority" : "NEUTRAL",
      "renditionMap" : { },
      "type" : "component"
    }, {
      "componentAttributes" : {
        "richTextValue" : "<p style=\"text-align: center;\"><a href=\"./\" rel=\"noopener noreferrer\" target=\"_self\">Cancel</a></p>"
      },
      "componentName" : "forceCommunity:richTextInline",
      "id" : "a562b66a-d8c4-446a-a44e-25b2b56a3d8e",
      "renderPriority" : "NEUTRAL",
      "renditionMap" : { },
      "type" : "component"
    } ],
    "id" : "8e75c748-3224-40dc-a8ee-8c6be5c1ab28",
    "regionName" : "content",
    "type" : "region"
  }, {
    "components" : [ {
      "componentAttributes" : {
        "customHeadTags" : "",
        "description" : "",
        "title" : "Forgot Password"
      },
      "componentName" : "forceCommunity:seoAssistant",
      "id" : "6d93e62b-1d35-46f7-9393-a7f72b56ab24",
      "renditionMap" : { },
      "type" : "component"
    } ],
    "id" : "4715c534-97b3-4367-8e9f-34bbabe4de60",
    "regionName" : "sfdcHiddenRegion",
    "type" : "region"
  }, {
    "id" : "688c978b-71aa-42b9-985f-dfc9fbe4ef1c",
    "regionName" : "header",
    "type" : "region"
  }, {
    "id" : "72390133-be02-4a71-9cd8-e7fa62b6a074",
    "regionName" : "sidebar",
    "type" : "region"
  }, {
    "id" : "cd661986-c8af-47c6-8498-9d8584fe4ab5",
    "regionName" : "sidebarAlt",
    "type" : "region"
  }, {
    "id" : "6025477c-f4a2-42bd-ae91-472662c9a713",
    "regionName" : "footer",
    "type" : "region"
  } ],
  "themeLayoutType" : "Login",
  "type" : "view",
  "viewType" : "forgot-password"
}