{
  "appPageId" : "fd947516-fc5a-40f5-b20a-a74f020f15a1",
  "componentName" : "siteforce:sldsOneColLayout",
  "dataProviders" : [ ],
  "id" : "d0ea4a64-2117-4a5c-834c-38d120c601d7",
  "label" : "General Search",
  "regions" : [ {
    "id" : "66dbe197-a440-4970-964b-66b2a5cd054a",
    "regionName" : "header",
    "type" : "region"
  }, {
    "components" : [ {
      "componentAttributes" : { },
      "componentName" : "c:vbdGeneralSearch",
      "id" : "6f46bf0b-4494-43c5-a909-af2c9506801f",
      "renderPriority" : "NEUTRAL",
      "renditionMap" : { },
      "type" : "component"
    } ],
    "id" : "78240dd8-e333-47b3-a022-46cabc7b593c",
    "regionName" : "content",
    "type" : "region"
  }, {
    "id" : "2d18ee7e-6781-4cc2-b30a-65882187015b",
    "regionName" : "footer",
    "type" : "region"
  }, {
    "components" : [ {
      "componentAttributes" : {
        "customHeadTags" : "",
        "description" : "",
        "title" : "General Search"
      },
      "componentName" : "forceCommunity:seoAssistant",
      "id" : "668232e8-ea96-4351-9287-31d6811cbb9a",
      "renditionMap" : { },
      "type" : "component"
    } ],
    "id" : "cbbc9988-3182-4e54-a8c7-e88771f6200b",
    "regionName" : "sfdcHiddenRegion",
    "type" : "region"
  } ],
  "themeLayoutType" : "Inner",
  "type" : "view",
  "viewType" : "custom-general-search"
}