{
  "appPageId" : "fd947516-fc5a-40f5-b20a-a74f020f15a1",
  "componentName" : "siteforce:sldsOneColLayout",
  "dataProviders" : [ ],
  "id" : "d834562f-46bf-4318-a87a-69721eef1611",
  "label" : "Home Old",
  "regions" : [ {
    "components" : [ {
      "componentAttributes" : {
        "config" : {
          "contentItemContentKey" : "MCVRRNW2IISNFBHEA2TUQDSAMRLA",
          "layoutDefinition" : {
            "attributes" : {
              "additionalLinks" : "{}",
              "backgroundPosition" : "center center",
              "backgroundSize" : "cover",
              "bannerAspectRatio" : "16:9",
              "bannerHeight" : 450,
              "bannerSubTitleTextColor" : "#ffffff",
              "bannerTitleTextColor" : "#ffffff",
              "callToActionButtonBackgroundColor" : "",
              "callToActionButtonBackgroundColorHover" : "",
              "callToActionButtonBorderColor" : "",
              "callToActionButtonBorderColorHover" : "",
              "callToActionButtonBorderStyles" : "",
              "callToActionButtonTextColor" : "",
              "callToActionButtonTextColorHover" : "",
              "callToActionLabel" : "View",
              "componentHoverEffect" : "none",
              "contentWidth" : 80,
              "dateFormat" : "none",
              "datetime" : "",
              "datetimeFontSize" : "regular",
              "datetimeTextColor" : "#ffffff",
              "datetimeTextDecoration" : "{\"bold\":false}",
              "defaultLinksOverrides" : "{}",
              "displayDayOfWeek" : false,
              "eyebrowFontSize" : "regular",
              "eyebrowHighlightColor" : "",
              "eyebrowText" : "",
              "eyebrowTextColor" : "#ffffff",
              "eyebrowTextDecoration" : "",
              "flagAlignment" : "top left",
              "flagBackgroundColor" : "#ff0000",
              "flagBorderColor" : "#ffffff",
              "flagBorderStyles" : "{\"borderTopLeftRadius\":{\"value\":\"0\"},\"borderTopRightRadius\":{\"value\":\"0\"},\"borderBottomRightRadius\":{\"value\":\"0\"},\"borderBottomLeftRadius\":{\"value\":\"0\"}}",
              "flagRotation" : 0,
              "flagSpacing" : "medium",
              "flagText" : "",
              "flagTextColor" : "#ffffff",
              "flagTextDecoration" : "",
              "hideTextElementsForVideo" : false,
              "imageAltText" : "",
              "imageUrl" : "{!CurrentItem.image.url}",
              "metadata1HighlightColor" : "",
              "metadata1Text" : "",
              "metadata2HighlightColor" : "",
              "metadata2Text" : "",
              "metadataFontSize" : "regular",
              "metadataTextColor" : "#ffffff",
              "metadataTextDecoration" : "",
              "overlayBackgroundColor" : "rgba(0, 0, 0, 0.4)",
              "showButton" : false,
              "showCaption" : true,
              "showDateTime" : false,
              "showEyebrow" : false,
              "showEyebrowHighlight" : false,
              "showFlag" : false,
              "showMetadata1" : false,
              "showMetadata1Highlight" : false,
              "showMetadata2" : false,
              "showMetadata2Highlight" : false,
              "showTitle" : true,
              "showTitleHighlight" : false,
              "subTitle" : "{!CurrentItem.teaser}",
              "subTitleFontSize" : "regular",
              "textAlignment" : "center center",
              "timeFormat" : "none",
              "timeZoneDisplay" : "short",
              "timeZoneOptions" : "none",
              "title" : "{!CurrentItem.Title}",
              "titleFontSize" : "large",
              "titleHeadingTag" : "h1",
              "titleHighlightColor" : "",
              "titleTextDecoration" : "{\"bold\":true}",
              "useAspectRatio" : false,
              "videoUrl" : ""
            },
            "componentName" : "forceCommunity:bannerLayout"
          },
          "schemaVersion" : "V2.0"
        }
      },
      "componentName" : "forceCommunity:managedContent",
      "id" : "be2e2d35-b72a-457e-8b3e-66071ae11b35",
      "renderPriority" : "NEUTRAL",
      "renditionMap" : { },
      "type" : "component"
    } ],
    "id" : "51c8777b-9445-4cf2-b1e8-2d16ec8e7315",
    "regionName" : "header",
    "type" : "region"
  }, {
    "components" : [ {
      "componentAttributes" : { },
      "componentName" : "c:vBD_portalMainBody",
      "id" : "ad1fd504-b13a-4889-99d5-fb28b9042db4",
      "renderPriority" : "NEUTRAL",
      "renditionMap" : { },
      "type" : "component"
    } ],
    "id" : "6e1ae71e-732f-40b4-bcee-31d9c57d0548",
    "regionName" : "content",
    "type" : "region"
  }, {
    "components" : [ {
      "componentAttributes" : { },
      "componentName" : "c:vbdportalServicesBody",
      "id" : "c3ca806b-1d3c-49e2-9942-b077877b5422",
      "renderPriority" : "NEUTRAL",
      "renditionMap" : { },
      "type" : "component"
    } ],
    "id" : "e57efc7b-3cd0-492c-9fca-6e0d47674832",
    "regionName" : "footer",
    "type" : "region"
  }, {
    "components" : [ {
      "componentAttributes" : {
        "customHeadTags" : "",
        "description" : "",
        "title" : "Home"
      },
      "componentName" : "forceCommunity:seoAssistant",
      "id" : "b0613baa-337b-432c-bb72-339e71dea36a",
      "renditionMap" : { },
      "type" : "component"
    } ],
    "id" : "4f6421bc-3b1c-4eb5-a870-942c30c1aa08",
    "regionName" : "sfdcHiddenRegion",
    "type" : "region"
  } ],
  "themeLayoutType" : "Inner",
  "type" : "view",
  "viewType" : "home"
}