{
  "appPageId" : "fd947516-fc5a-40f5-b20a-a74f020f15a1",
  "componentName" : "siteforce:dynamicLayout",
  "dataProviders" : [ ],
  "id" : "70cd4d39-d233-4f58-bb54-e443f1e38ec7",
  "label" : "Home",
  "regions" : [ {
    "components" : [ {
      "componentAttributes" : {
        "background" : "background: rgba(0,0,0,0) url(/sfsites/c/file-asset/VBD_orgbanner_withseal_rev_v2?v=1) center center /cover",
        "backgroundOverlay" : "rgba(0,0,0,0.5)",
        "contentAreaWidth" : 100,
        "sectionConfig" : {
          "UUID" : "ddc03f8e-eb9d-4cdd-9320-a18e8efe4aec",
          "columns" : [ {
            "UUID" : "d4311313-2fce-48e7-9fd0-12ebbbaf8fdb",
            "columnKey" : "1",
            "columnName" : "Column 1",
            "columnWidth" : "12",
            "seedComponents" : [ ]
          } ]
        },
        "sectionHeight" : 400
      },
      "componentName" : "forceCommunity:section",
      "id" : "ddc03f8e-eb9d-4cdd-9320-a18e8efe4aec",
      "regions" : [ {
        "components" : [ {
          "componentAttributes" : { },
          "componentName" : "c:vBD_portalSearch",
          "id" : "d9b2e336-3a7c-4390-abc0-4d4a72924308",
          "renderPriority" : "NEUTRAL",
          "renditionMap" : { },
          "type" : "component"
        } ],
        "id" : "d4311313-2fce-48e7-9fd0-12ebbbaf8fdb",
        "regionLabel" : "Column 1",
        "regionName" : "1",
        "renditionMap" : { },
        "type" : "region"
      } ],
      "renderPriority" : "NEUTRAL",
      "renditionMap" : { },
      "type" : "component"
    }, {
      "componentAttributes" : {
        "background" : "background: rgba(0,0,0,0)",
        "backgroundOverlay" : "rgba(0,0,0,0.5)",
        "contentAreaWidth" : 100,
        "sectionConfig" : {
          "UUID" : "546d2204-e787-4c41-a35c-09f0b88dd897",
          "columns" : [ {
            "UUID" : "6944ac14-07d9-49a7-ae3d-eb15449cde96",
            "columnKey" : "1",
            "columnName" : "Column 1",
            "columnWidth" : "12",
            "seedComponents" : [ ]
          } ]
        },
        "sectionHeight" : 300
      },
      "componentName" : "forceCommunity:section",
      "id" : "546d2204-e787-4c41-a35c-09f0b88dd897",
      "regions" : [ {
        "components" : [ {
          "componentAttributes" : { },
          "componentName" : "c:vBDHomePageProfileBanner",
          "id" : "78d5ce7c-c270-41e5-865e-b094e678ce2a",
          "renderPriority" : "NEUTRAL",
          "renditionMap" : { },
          "type" : "component"
        }, {
          "componentAttributes" : { },
          "componentName" : "c:vBD_portalMainBody",
          "id" : "aadda459-4a3b-4988-8413-77fba0be2f7e",
          "renderPriority" : "NEUTRAL",
          "renditionMap" : { },
          "type" : "component"
        }, {
          "componentAttributes" : { },
          "componentName" : "c:vbdportalServicesBody",
          "id" : "56da7bc3-eae3-42b0-b70a-21bedd604a40",
          "renderPriority" : "NEUTRAL",
          "renditionMap" : { },
          "type" : "component"
        } ],
        "id" : "6944ac14-07d9-49a7-ae3d-eb15449cde96",
        "regionLabel" : "Column 1",
        "regionName" : "1",
        "renditionMap" : { },
        "type" : "region"
      } ],
      "renderPriority" : "NEUTRAL",
      "renditionMap" : { },
      "type" : "component"
    } ],
    "id" : "d2fc88e5-2cad-4506-ab71-fb10c7073360",
    "regionName" : "content",
    "type" : "region"
  }, {
    "components" : [ {
      "componentAttributes" : {
        "customHeadTags" : "",
        "description" : "",
        "title" : "Home"
      },
      "componentName" : "forceCommunity:seoAssistant",
      "id" : "316304e0-28a9-492b-97f9-1dbcf3bd7a1f",
      "renditionMap" : { },
      "type" : "component"
    } ],
    "id" : "7358f06e-50ff-4be9-a477-8af1f4834fc3",
    "regionName" : "sfdcHiddenRegion",
    "type" : "region"
  } ],
  "themeLayoutType" : "Inner",
  "type" : "view",
  "viewType" : "home"
}