{
  "appPageId" : "fd947516-fc5a-40f5-b20a-a74f020f15a1",
  "componentName" : "siteforce:sldsOneColLayout",
  "dataProviders" : [ ],
  "id" : "9302cf39-e736-4cc1-a923-60242536dc68",
  "label" : "Inquiry List",
  "regions" : [ {
    "id" : "d9e4bfe4-114c-419d-b3e1-a5bf8e155756",
    "regionName" : "header",
    "type" : "region"
  }, {
    "components" : [ {
      "componentAttributes" : {
        "enableInlineEdit" : false,
        "filterName" : "My_Inquiries",
        "layout" : "FULL",
        "pageSize" : 25,
        "scope" : "Case",
        "showActionBar" : false,
        "showChartsPanel" : false,
        "showDisplay" : "showall",
        "showFilterPanel" : false,
        "showImageIcon" : true,
        "showManualRefreshButton" : true,
        "showObjectName" : true,
        "showPinnedList" : false,
        "showSearchBar" : true
      },
      "componentName" : "forceCommunity:objectHome",
      "id" : "4a9fcfc2-e862-46d0-918d-65c7b044c7fb",
      "renderPriority" : "NEUTRAL",
      "renditionMap" : { },
      "type" : "component"
    } ],
    "id" : "02291970-96eb-4c04-bdc7-2bbaf89f13c3",
    "regionName" : "content",
    "type" : "region"
  }, {
    "id" : "827449f0-f0bb-439e-ab0a-af3e9ba10176",
    "regionName" : "footer",
    "type" : "region"
  } ],
  "themeLayoutType" : "Inner",
  "type" : "view",
  "viewType" : "list-500"
}