{
  "appPageId" : "fd947516-fc5a-40f5-b20a-a74f020f15a1",
  "componentName" : "siteforce:sldsOneColLayout",
  "dataProviders" : [ ],
  "id" : "7f6cc9e9-2f2c-4c99-a34a-6527a14b0809",
  "label" : "Inquiry Related List",
  "regions" : [ {
    "id" : "bc8b31aa-2210-4900-ad25-cef467a873b3",
    "regionName" : "header",
    "type" : "region"
  }, {
    "components" : [ {
      "componentAttributes" : {
        "customTitle" : "",
        "parentRecordId" : "{!recordId}",
        "relatedListName" : "{!relationshipApiName}",
        "showBreadCrumbs" : true,
        "showCustomTitle" : false,
        "showManualRefreshButton" : true,
        "showRowNumbers" : true
      },
      "componentName" : "forceCommunity:relatedList",
      "id" : "a25478ea-0e4a-4c33-9545-1128dd9ab599",
      "renderPriority" : "NEUTRAL",
      "renditionMap" : { },
      "type" : "component"
    } ],
    "id" : "6f4a962b-1ad3-4164-bb6d-3a868fa33713",
    "regionName" : "content",
    "type" : "region"
  }, {
    "id" : "77634796-d336-4452-8029-ad1612d166e5",
    "regionName" : "footer",
    "type" : "region"
  } ],
  "themeLayoutType" : "Inner",
  "type" : "view",
  "viewType" : "relatedlist-500"
}