{
  "appPageId" : "fd947516-fc5a-40f5-b20a-a74f020f15a1",
  "componentName" : "siteforce:sldsOneColLayout",
  "dataProviders" : [ ],
  "id" : "86a6aaab-b6fd-47c2-8ea5-ffce0e6720e1",
  "label" : "Inquiry Detail",
  "regions" : [ {
    "id" : "574612b3-17c8-4543-bac5-04937c9ed838",
    "regionName" : "header",
    "type" : "region"
  }, {
    "components" : [ {
      "componentAttributes" : {
        "recordId" : "{!recordId}"
      },
      "componentName" : "forceCommunity:recordHeadline",
      "id" : "3220053d-b65a-47fc-8376-f082c255b0ed",
      "renderPriority" : "NEUTRAL",
      "renditionMap" : { },
      "type" : "component"
    }, {
      "componentAttributes" : {
        "detailsTabLabel" : "Details",
        "discussionsTabLabel" : "Feed",
        "recordId" : "{!recordId}",
        "relatedTabLabel" : "Related",
        "showLegacyActivityComposer" : false,
        "tab1Type" : "details",
        "tab2Type" : "none",
        "tab3Type" : "chatter",
        "tab4Type" : "none",
        "timelineTabLabel" : "Activity"
      },
      "componentName" : "forceCommunity:recordHomeTabs",
      "id" : "60b9f5fa-865c-4b0d-a2b6-964036c99db1",
      "renderPriority" : "NEUTRAL",
      "renditionMap" : { },
      "type" : "component"
    } ],
    "id" : "11c12059-dc66-45f1-b03d-bd12c24b3bf6",
    "regionName" : "content",
    "type" : "region"
  }, {
    "id" : "cc72c310-d908-4447-8d1b-b657481f9468",
    "regionName" : "footer",
    "type" : "region"
  }, {
    "components" : [ {
      "componentAttributes" : {
        "customHeadTags" : "",
        "description" : "",
        "title" : "{!Record._Object}: {!Record._Title}"
      },
      "componentName" : "forceCommunity:seoAssistant",
      "id" : "c59809ab-5ad1-4fb8-ad6e-d200a2d080d4",
      "renditionMap" : { },
      "type" : "component"
    } ],
    "id" : "d69381e7-aa0a-4f42-a9c1-b003652988b6",
    "regionName" : "sfdcHiddenRegion",
    "type" : "region"
  } ],
  "themeLayoutType" : "Inner",
  "type" : "view",
  "viewType" : "detail-500"
}