{
  "appPageId" : "91465249-d9a4-4601-a903-46367263ce96",
  "componentName" : "siteforce:sldsThreeCol363Layout",
  "dataProviders" : [ ],
  "id" : "c628c6e7-78cc-473c-8564-acecaf317ef4",
  "label" : "Login",
  "regions" : [ {
    "components" : [ {
      "componentAttributes" : { },
      "componentName" : "c:lpiPortal_Login",
      "id" : "22ca72f3-45a7-4336-acf6-64b00c45aa26",
      "renderPriority" : "NEUTRAL",
      "renditionMap" : { },
      "type" : "component"
    } ],
    "id" : "473be264-0297-447f-8b83-d3a4daeb3119",
    "regionName" : "content",
    "type" : "region"
  }, {
    "components" : [ {
      "componentAttributes" : {
        "customHeadTags" : "",
        "description" : "",
        "title" : "Login"
      },
      "componentName" : "forceCommunity:seoAssistant",
      "id" : "ab1c4121-ea23-4205-9ad7-045b2277f77d",
      "renditionMap" : { },
      "type" : "component"
    } ],
    "id" : "fa6256d7-a834-499e-967f-6e553d2fc4c6",
    "regionName" : "sfdcHiddenRegion",
    "type" : "region"
  }, {
    "id" : "a33f44c4-b1db-4d4a-82d2-b09ba5964224",
    "regionName" : "header",
    "type" : "region"
  }, {
    "id" : "e3e3aebe-a293-4666-8476-2380441e6c78",
    "regionName" : "sidebar",
    "type" : "region"
  }, {
    "id" : "e3292884-a604-4fc5-b9c3-a6048ec040d9",
    "regionName" : "sidebarAlt",
    "type" : "region"
  }, {
    "id" : "52b3c1fa-b90e-4e36-8a84-d3f25c333ccb",
    "regionName" : "footer",
    "type" : "region"
  } ],
  "themeLayoutType" : "Login",
  "type" : "view",
  "viewType" : "login-home"
}