{
  "appPageId" : "91465249-d9a4-4601-a903-46367263ce96",
  "componentName" : "siteforce:sldsOneColLayout",
  "dataProviders" : [ ],
  "id" : "a55755da-fb09-4413-8517-420017cabb77",
  "label" : "Login Error",
  "regions" : [ {
    "id" : "99628533-6e48-4a3f-9a85-5c0a17973d1d",
    "regionName" : "header",
    "type" : "region"
  }, {
    "components" : [ {
      "componentAttributes" : {
        "richTextValue" : "<div class=\"inverseTextColor\" style=\"text-align: center;\">Invalid Page</div>"
      },
      "componentName" : "forceCommunity:richTextInline",
      "id" : "a1cf4366-4f16-4431-a4f8-e1b2c24d2425",
      "renderPriority" : "NEUTRAL",
      "renditionMap" : { },
      "type" : "component"
    } ],
    "id" : "5287d1d4-8e4d-415e-8a33-e92e4160ffdc",
    "regionName" : "content",
    "type" : "region"
  }, {
    "id" : "ceab01a7-1133-446a-a54d-76b25958f991",
    "regionName" : "footer",
    "type" : "region"
  }, {
    "components" : [ {
      "componentAttributes" : {
        "customHeadTags" : "",
        "description" : "",
        "title" : "Login Error"
      },
      "componentName" : "forceCommunity:seoAssistant",
      "id" : "a62c89eb-cbad-4633-a2d8-39da821128bc",
      "renditionMap" : { },
      "type" : "component"
    } ],
    "id" : "e71304f5-2c10-4350-bcc8-b0dec4a4bc5b",
    "regionName" : "sfdcHiddenRegion",
    "type" : "region"
  } ],
  "themeLayoutType" : "Login",
  "type" : "view",
  "viewType" : "login-error"
}