{
  "appPageId" : "fd947516-fc5a-40f5-b20a-a74f020f15a1",
  "componentName" : "siteforce:sldsOneColLayout",
  "dataProviders" : [ ],
  "id" : "cc4d2240-8cce-420d-9f5c-60112e8788b4",
  "label" : "My Profile",
  "regions" : [ {
    "id" : "fe90517f-71cd-4251-8009-cc3a263a7e98",
    "regionName" : "header",
    "type" : "region"
  }, {
    "components" : [ {
      "componentAttributes" : { },
      "componentName" : "c:vBD_MyProfileComponent",
      "id" : "1b36e26e-ba27-429f-9da3-625bfd848b02",
      "renderPriority" : "NEUTRAL",
      "renditionMap" : { },
      "type" : "component"
    } ],
    "id" : "786fe2b8-23e1-4a0b-abe0-b342ac4dbf41",
    "regionName" : "content",
    "type" : "region"
  }, {
    "id" : "702ed7aa-73b2-4dc7-ae10-7a14b589be9f",
    "regionName" : "footer",
    "type" : "region"
  }, {
    "components" : [ {
      "componentAttributes" : {
        "customHeadTags" : "",
        "description" : "",
        "title" : "My Profile"
      },
      "componentName" : "forceCommunity:seoAssistant",
      "id" : "490bc6ef-3a9a-4b38-89f7-9f523a9ce51b",
      "renditionMap" : { },
      "type" : "component"
    } ],
    "id" : "35dde54e-b23f-4a82-98fe-a6cf543d084a",
    "regionName" : "sfdcHiddenRegion",
    "type" : "region"
  } ],
  "themeLayoutType" : "Inner",
  "type" : "view",
  "viewType" : "custom-my-profile"
}