{
  "appPageId" : "fd947516-fc5a-40f5-b20a-a74f020f15a1",
  "componentName" : "siteforce:dynamicLayout",
  "dataProviders" : [ ],
  "id" : "0fda2c75-5223-4409-ac0f-fff951ad72fd",
  "label" : "News Detail",
  "regions" : [ {
    "components" : [ {
      "componentAttributes" : {
        "background" : "background: rgba(0,0,0,0)",
        "backgroundOverlay" : "rgba(0,0,0,0.5)",
        "contentAreaWidth" : 100,
        "sectionConfig" : {
          "UUID" : "fd02b0cb-bc02-4915-a7d3-5a3351f98d72",
          "columns" : [ {
            "UUID" : "65ee65a3-f41a-4e8b-90e3-29e5ae6bef52",
            "columnKey" : "1",
            "columnName" : "Column 1",
            "columnWidth" : "12",
            "seedComponents" : [ ]
          } ]
        },
        "sectionHeight" : 300
      },
      "componentName" : "forceCommunity:section",
      "id" : "fd02b0cb-bc02-4915-a7d3-5a3351f98d72",
      "regions" : [ {
        "id" : "65ee65a3-f41a-4e8b-90e3-29e5ae6bef52",
        "regionLabel" : "Column 1",
        "regionName" : "1",
        "renditionMap" : { },
        "type" : "region"
      } ],
      "renderPriority" : "NEUTRAL",
      "renditionMap" : { },
      "type" : "component"
    } ],
    "id" : "33611a74-0b65-49f0-ab48-87595ea0f8ff",
    "regionName" : "content",
    "type" : "region"
  }, {
    "components" : [ {
      "componentAttributes" : {
        "customHeadTags" : "",
        "description" : "",
        "title" : "{!Content.contentTypeLabel}.{!Content.title}"
      },
      "componentName" : "forceCommunity:seoAssistant",
      "id" : "fb49699a-c71c-4973-9cf1-3816a33e5dc4",
      "renditionMap" : { },
      "type" : "component"
    } ],
    "id" : "3e0dd743-1f7f-491a-8147-fc25173ced3b",
    "regionName" : "sfdcHiddenRegion",
    "type" : "region"
  } ],
  "themeLayoutType" : "Inner",
  "type" : "view",
  "viewType" : "managed-content-news"
}