{
  "appPageId" : "fd947516-fc5a-40f5-b20a-a74f020f15a1",
  "componentName" : "siteforce:sldsOneColLayout",
  "dataProviders" : [ ],
  "id" : "82fbb74f-f29e-4483-9958-bb1daf96370a",
  "label" : "Record List",
  "regions" : [ {
    "id" : "43297faf-252e-4892-a6bf-ccc33cd52b6b",
    "regionName" : "header",
    "type" : "region"
  }, {
    "components" : [ {
      "componentAttributes" : {
        "enableInlineEdit" : true,
        "filterName" : "{!filterId}",
        "layout" : "FULL",
        "pageSize" : 25,
        "scope" : "{!objectName}",
        "showActionBar" : true,
        "showChartsPanel" : true,
        "showDisplay" : "showall",
        "showFilterPanel" : true,
        "showImageIcon" : true,
        "showManualRefreshButton" : true,
        "showObjectName" : true,
        "showPinnedList" : true,
        "showSearchBar" : true
      },
      "componentName" : "forceCommunity:objectHome",
      "id" : "7e268447-facb-493b-9046-84c719f5397a",
      "renderPriority" : "NEUTRAL",
      "renditionMap" : { },
      "type" : "component"
    } ],
    "id" : "b4ae6c93-cf64-485c-9156-62c65655e900",
    "regionName" : "content",
    "type" : "region"
  }, {
    "id" : "91634a85-7daa-4053-979c-cbcda7f04e17",
    "regionName" : "footer",
    "type" : "region"
  } ],
  "themeLayoutType" : "Inner",
  "type" : "view",
  "viewType" : "list"
}