{
  "appPageId" : "fd947516-fc5a-40f5-b20a-a74f020f15a1",
  "componentName" : "siteforce:sldsOneColLayout",
  "dataProviders" : [ ],
  "id" : "3d1c74a4-2d12-4107-828f-69bbd87f9bbf",
  "label" : "Record Detail",
  "regions" : [ {
    "id" : "83afddaf-47a4-4c31-a4b6-d7b059c86c20",
    "regionName" : "header",
    "type" : "region"
  }, {
    "components" : [ {
      "componentAttributes" : {
        "recordId" : "{!recordId}"
      },
      "componentName" : "forceCommunity:recordHeadline",
      "id" : "23875838-af1e-4cc7-8094-18e929f85284",
      "renderPriority" : "NEUTRAL",
      "renditionMap" : { },
      "type" : "component"
    }, {
      "componentAttributes" : {
        "detailsTabLabel" : "Details",
        "discussionsTabLabel" : "Feed",
        "recordId" : "{!recordId}",
        "relatedTabLabel" : "Related",
        "showLegacyActivityComposer" : false,
        "tab1Type" : "details",
        "tab2Type" : "related",
        "tab3Type" : "chatter",
        "tab4Type" : "none",
        "timelineTabLabel" : "Activity"
      },
      "componentName" : "forceCommunity:recordHomeTabs",
      "id" : "38863887-5723-467e-89aa-38779e3e8cfb",
      "renderPriority" : "NEUTRAL",
      "renditionMap" : { },
      "type" : "component"
    } ],
    "id" : "436834ab-ec49-431c-8cf2-72aee58a99f5",
    "regionName" : "content",
    "type" : "region"
  }, {
    "id" : "0969250c-5a9f-4665-86ec-4ad96a699a36",
    "regionName" : "footer",
    "type" : "region"
  }, {
    "components" : [ {
      "componentAttributes" : {
        "customHeadTags" : "",
        "description" : "",
        "title" : "{!Record._Object}: {!Record._Title}"
      },
      "componentName" : "forceCommunity:seoAssistant",
      "id" : "f6b71bdc-2ae0-4cc4-b609-77cc12fdddeb",
      "renditionMap" : { },
      "type" : "component"
    } ],
    "id" : "bc834623-1be9-403a-a290-7dc50c37a4d6",
    "regionName" : "sfdcHiddenRegion",
    "type" : "region"
  } ],
  "themeLayoutType" : "Inner",
  "type" : "view",
  "viewType" : "detail"
}