{
  "appPageId" : "91465249-d9a4-4601-a903-46367263ce96",
  "componentName" : "siteforce:sldsOneColLayout",
  "dataProviders" : [ ],
  "id" : "8a2b0d2d-6f12-41ab-a02b-0121445baac8",
  "label" : "Register",
  "regions" : [ {
    "components" : [ {
      "componentAttributes" : { },
      "componentName" : "c:vbdPortalSignUp",
      "id" : "9d5f45c5-fcde-4369-bcfd-1c428fb702f8",
      "renderPriority" : "NEUTRAL",
      "renditionMap" : { },
      "type" : "component"
    } ],
    "id" : "1e8b3ec6-a86c-43fa-b84f-7c0ed15ecaa0",
    "regionName" : "content",
    "type" : "region"
  }, {
    "components" : [ {
      "componentAttributes" : {
        "customHeadTags" : "",
        "description" : "",
        "title" : "Register"
      },
      "componentName" : "forceCommunity:seoAssistant",
      "id" : "fb5d86b7-b884-4b96-a82f-de9a759fe4f2",
      "renditionMap" : { },
      "type" : "component"
    } ],
    "id" : "8bf47888-6e3e-4c83-9dba-1029570accb7",
    "regionName" : "sfdcHiddenRegion",
    "type" : "region"
  }, {
    "id" : "bf1ee7d5-4da1-4f13-95d6-81c64bdf1eac",
    "regionName" : "header",
    "type" : "region"
  }, {
    "id" : "de1c77ed-7fec-4ad0-8ac5-2c051a550388",
    "regionName" : "footer",
    "type" : "region"
  }, {
    "id" : "7f2449a7-0ebf-4c83-bdce-64a0196b7100",
    "regionName" : "sidebar",
    "type" : "region"
  }, {
    "id" : "21f5ab3c-783d-402d-847d-75f3ef8ee76e",
    "regionName" : "sidebarAlt",
    "type" : "region"
  } ],
  "themeLayoutType" : "Login",
  "type" : "view",
  "viewType" : "self-register"
}