{
  "appPageId" : "fd947516-fc5a-40f5-b20a-a74f020f15a1",
  "componentName" : "siteforce:sldsOneColLayout",
  "dataProviders" : [ ],
  "id" : "38060462-a554-440c-a6a8-84a0b1c65041",
  "label" : "Related Record List",
  "regions" : [ {
    "id" : "fa6d8320-230c-4976-a891-76d4e8470d82",
    "regionName" : "header",
    "type" : "region"
  }, {
    "components" : [ {
      "componentAttributes" : {
        "customTitle" : "",
        "parentRecordId" : "{!recordId}",
        "relatedListName" : "{!relationshipApiName}",
        "showBreadCrumbs" : true,
        "showCustomTitle" : false,
        "showManualRefreshButton" : true,
        "showRowNumbers" : true
      },
      "componentName" : "forceCommunity:relatedList",
      "id" : "15a24964-9435-4660-ad43-91c551089454",
      "renderPriority" : "NEUTRAL",
      "renditionMap" : { },
      "type" : "component"
    } ],
    "id" : "56db107c-9c9c-4a80-9bf5-dcfb3592a6e3",
    "regionName" : "content",
    "type" : "region"
  }, {
    "id" : "0f0d1c86-fa4b-4534-b1e5-a996dec306ec",
    "regionName" : "footer",
    "type" : "region"
  } ],
  "themeLayoutType" : "Inner",
  "type" : "view",
  "viewType" : "relatedlist"
}