{
  "appPageId" : "fd947516-fc5a-40f5-b20a-a74f020f15a1",
  "componentName" : "siteforce:sldsOneColLayout",
  "dataProviders" : [ ],
  "id" : "dd697bb3-4a61-4912-b526-c40ea65c4803",
  "label" : "Show applicant information",
  "regions" : [ {
    "id" : "1c200e3a-a0a5-4576-8e42-285715220bb6",
    "regionName" : "header",
    "type" : "region"
  }, {
    "components" : [ {
      "componentAttributes" : { },
      "componentName" : "c:vbdApplicantInformation",
      "id" : "db96ddf6-79d1-41aa-a7ec-614954d47a7e",
      "renderPriority" : "NEUTRAL",
      "renditionMap" : { },
      "type" : "component"
    } ],
    "id" : "e92dfb71-f70e-4be9-8fbc-4dfdeb77a8ae",
    "regionName" : "content",
    "type" : "region"
  }, {
    "id" : "0428167c-fffc-4411-9c77-90d7e12c1edb",
    "regionName" : "footer",
    "type" : "region"
  }, {
    "components" : [ {
      "componentAttributes" : {
        "customHeadTags" : "",
        "description" : "",
        "title" : "Show applicant information"
      },
      "componentName" : "forceCommunity:seoAssistant",
      "id" : "c4ebf5db-8be1-4d4b-8758-a946feebaebf",
      "renditionMap" : { },
      "type" : "component"
    } ],
    "id" : "ec7887a7-2135-4cf1-a3e8-8b74989fee5c",
    "regionName" : "sfdcHiddenRegion",
    "type" : "region"
  } ],
  "themeLayoutType" : "Inner",
  "type" : "view",
  "viewType" : "custom-show-applicant-information"
}