{
  "appPageId" : "fd947516-fc5a-40f5-b20a-a74f020f15a1",
  "componentName" : "siteforce:sldsOneColLayout",
  "dataProviders" : [ ],
  "id" : "849a3277-c6a2-48b9-8385-60e645017581",
  "label" : "Too Many Requests",
  "regions" : [ {
    "components" : [ {
      "componentAttributes" : {
        "richTextValue" : "<div style='display: flex; align-items: center; flex-direction: column; margin: 60px 25px 30px 25px;'><div style='background-image: url(/sfsites/assets/Images/tooManyRequests/tooManyRequests.svg); background-size: contain; height: 350px; width: 100%; background-repeat: no-repeat; background-position: center;'></div></div><div style='margin: 0 25px; text-align: center;'><h1 class='slds-text-heading_large'>Looks like the site is experiencing higher than usual demand…</h1><p class='slds-text-heading_small'>Don't go anywhere. We'll redirect you in a moment.</p></div>"
      },
      "componentName" : "forceCommunity:htmlBlock",
      "id" : "4765b8ae-4695-4015-8adf-66cc66bf9913",
      "renderPriority" : "NEUTRAL",
      "renditionMap" : { },
      "type" : "component"
    }, {
      "componentAttributes" : { },
      "componentName" : "forceCommunity:autoRefresh",
      "id" : "eab0741e-c2b4-4bed-b4b3-2a5f8bec481d",
      "renderPriority" : "NEUTRAL",
      "renditionMap" : { },
      "type" : "component"
    } ],
    "id" : "2314b0b6-8f23-4941-801e-7c61f8999d0c",
    "regionName" : "content",
    "type" : "region"
  } ],
  "themeLayoutType" : "ServiceNotAvailable",
  "type" : "view",
  "viewType" : "too-many-requests"
}