{
  "appPageId" : "fd947516-fc5a-40f5-b20a-a74f020f15a1",
  "componentName" : "siteforce:sldsOneColLayout",
  "dataProviders" : [ ],
  "id" : "beec065b-6b20-40fb-9702-e4e7a45252e6",
  "label" : "veterans bonus inquiry",
  "regions" : [ {
    "id" : "eddbea19-9b12-44e5-84b4-9e5be2a7be21",
    "regionName" : "header",
    "type" : "region"
  }, {
    "id" : "3ccdebbd-efd0-4fc6-b586-aebc51c96ff4",
    "regionName" : "content",
    "type" : "region"
  }, {
    "id" : "30d9ba5d-9912-4e86-8bcd-26436f4e8275",
    "regionName" : "footer",
    "type" : "region"
  }, {
    "components" : [ {
      "componentAttributes" : {
        "customHeadTags" : "",
        "description" : "",
        "title" : "veterans bonus inquiry"
      },
      "componentName" : "forceCommunity:seoAssistant",
      "id" : "543e0ecc-c6d4-40c7-846f-ef9d55435020",
      "renditionMap" : { },
      "type" : "component"
    } ],
    "id" : "390ff221-b32e-4fc4-ad8e-186317bd24ed",
    "regionName" : "sfdcHiddenRegion",
    "type" : "region"
  } ],
  "themeLayoutType" : "Inner",
  "type" : "view",
  "viewType" : "custom-veterans-bonus-inquiry"
}