{
  "appPageId" : "fd947516-fc5a-40f5-b20a-a74f020f15a1",
  "componentName" : "siteforce:sldsOneColLayout",
  "dataProviders" : [ ],
  "id" : "1f76a3d6-2715-4c1b-b265-1ee49a00b4f1",
  "label" : "veterans bonus Instructions",
  "regions" : [ {
    "id" : "4541c3a2-b3ea-49a1-b55f-9924ddcf24a1",
    "regionName" : "header",
    "type" : "region"
  }, {
    "components" : [ {
      "componentAttributes" : { },
      "componentName" : "c:vbdApplyDisclaimer",
      "id" : "cd227efc-0a38-41d4-82af-c3791e18ab6f",
      "renderPriority" : "NEUTRAL",
      "renditionMap" : { },
      "type" : "component"
    } ],
    "id" : "9027aa7b-19d9-481c-b76f-b90749eebc7a",
    "regionName" : "content",
    "type" : "region"
  }, {
    "id" : "a2674376-8972-4fee-911a-84ea924d4fab",
    "regionName" : "footer",
    "type" : "region"
  }, {
    "components" : [ {
      "componentAttributes" : {
        "customHeadTags" : "",
        "description" : "",
        "title" : "veterans bonus Instructions"
      },
      "componentName" : "forceCommunity:seoAssistant",
      "id" : "4d5f836d-ea82-4248-984c-54319325ab6f",
      "renditionMap" : { },
      "type" : "component"
    } ],
    "id" : "38908b88-1a20-48d2-89cd-3f5c1622523f",
    "regionName" : "sfdcHiddenRegion",
    "type" : "region"
  } ],
  "themeLayoutType" : "Inner",
  "type" : "view",
  "viewType" : "custom-veterans-bonus-instructions"
}