{
  "status": 0,
  "result": [
    {
      "createdById": "005Hu00000SrqZhIAJ",
      "createdByName": "Tom Pallissery",
      "createdDate": "2025-03-10T09:16:28.000Z",
      "fileName": "certs/SelfSignedCert_10Mar2025_091628.crt",
      "fullName": "SelfSignedCert_10Mar2025_091628",
      "id": "0P1Hu000006EqikKAC",
      "lastModifiedById": "005Hu00000SrqZhIAJ",
      "lastModifiedByName": "Tom Pallissery",
      "lastModifiedDate": "1970-01-01T00:00:00.000Z",
      "type": "Certificate"
    }
  ]
}