{
  "status": 0,
  "result": [
    {
      "createdById": "005Hu00000SzKPgIAN",
      "createdByName": "OLD User",
      "createdDate": "2025-03-06T05:58:32.000Z",
      "fileName": "applications/standard__Commerce.app",
      "fullName": "standard__Commerce",
      "id": "02uHu000003l9hOIAQ",
      "lastModifiedById": "005Hu00000SrqZhIAJ",
      "lastModifiedByName": "Tom Pallissery",
      "lastModifiedDate": "2025-03-06T05:58:32.000Z",
      "manageableState": "unmanaged",
      "namespacePrefix": "standard",
      "type": "CustomApplication"
    },
    {
      "createdById": "005Hu00000SzKPgIAN",
      "createdByName": "OLD User",
      "createdDate": "2025-03-06T05:58:32.000Z",
      "fileName": "applications/standard__Community.app",
      "fullName": "standard__Community",
      "id": "02uHu000003l9h0IAA",
      "lastModifiedById": "005Hu00000SzKPgIAN",
      "lastModifiedByName": "OLD User",
      "lastModifiedDate": "2025-03-06T05:58:32.000Z",
      "manageableState": "unmanaged",
      "namespacePrefix": "standard",
      "type": "CustomApplication"
    },
    {
      "createdById": "005Hu00000SzKPgIAN",
      "createdByName": "OLD User",
      "createdDate": "2025-03-06T05:58:32.000Z",
      "fileName": "applications/standard__LightningService.app",
      "fullName": "standard__LightningService",
      "id": "02uHu000003l9hKIAQ",
      "lastModifiedById": "005Hu00000SzKPgIAN",
      "lastModifiedByName": "OLD User",
      "lastModifiedDate": "2025-03-06T05:58:32.000Z",
      "manageableState": "unmanaged",
      "namespacePrefix": "standard",
      "type": "CustomApplication"
    },
    {
      "createdById": "005Hu00000SzKPgIAN",
      "createdByName": "OLD User",
      "createdDate": "2025-03-06T05:58:32.000Z",
      "fileName": "applications/standard__Manufacturing.app",
      "fullName": "standard__Manufacturing",
      "id": "02uHu000003l9hCIAQ",
      "lastModifiedById": "005Hu00000SzKPgIAN",
      "lastModifiedByName": "OLD User",
      "lastModifiedDate": "2025-03-06T05:58:32.000Z",
      "manageableState": "unmanaged",
      "namespacePrefix": "standard",
      "type": "CustomApplication"
    },
    {
      "createdById": "005Hu00000SzKPgIAN",
      "createdByName": "OLD User",
      "createdDate": "2025-03-06T05:58:32.000Z",
      "fileName": "applications/standard__PrivacyCenterConsole.app",
      "fullName": "standard__PrivacyCenterConsole",
      "id": "02uHu000003l9ikIAA",
      "lastModifiedById": "005Hu00000SzKPgIAN",
      "lastModifiedByName": "OLD User",
      "lastModifiedDate": "2025-03-06T05:58:32.000Z",
      "manageableState": "unmanaged",
      "namespacePrefix": "standard",
      "type": "CustomApplication"
    },
    {
      "createdById": "005Hu00000SzKPgIAN",
      "createdByName": "OLD User",
      "createdDate": "2025-03-06T05:58:32.000Z",
      "fileName": "applications/standard__ServiceConsole.app",
      "fullName": "standard__ServiceConsole",
      "id": "02uHu000003l9hGIAQ",
      "lastModifiedById": "005Hu00000SzKPgIAN",
      "lastModifiedByName": "OLD User",
      "lastModifiedDate": "2025-03-06T05:58:32.000Z",
      "manageableState": "unmanaged",
      "namespacePrefix": "standard",
      "type": "CustomApplication"
    },
    {
      "createdById": "005Hu00000SrqZhIAJ",
      "createdByName": "Tom Pallissery",
      "createdDate": "2025-03-06T05:58:32.000Z",
      "fileName": "applications/SDO_Platform_Surveys.app",
      "fullName": "SDO_Platform_Surveys",
      "id": "02uHu000003l9iYIAQ",
      "lastModifiedById": "005Hu00000SrqZhIAJ",
      "lastModifiedByName": "Tom Pallissery",
      "lastModifiedDate": "2025-03-06T05:58:32.000Z",
      "manageableState": "unmanaged",
      "type": "CustomApplication"
    },
    {
      "createdById": "005Hu00000SzKPgIAN",
      "createdByName": "OLD User",
      "createdDate": "2025-03-06T05:58:32.000Z",
      "fileName": "applications/standard__SalesforceCMS.app",
      "fullName": "standard__SalesforceCMS",
      "id": "02uHu000003l9gwIAA",
      "lastModifiedById": "005Hu00000SzKPgIAN",
      "lastModifiedByName": "OLD User",
      "lastModifiedDate": "2025-03-06T05:58:32.000Z",
      "manageableState": "unmanaged",
      "namespacePrefix": "standard",
      "type": "CustomApplication"
    },
    {
      "createdById": "005Hu00000SzKPgIAN",
      "createdByName": "OLD User",
      "createdDate": "2025-03-06T05:58:32.000Z",
      "fileName": "applications/standard__Chatter.app",
      "fullName": "standard__Chatter",
      "id": "02uHu000003l9gtIAA",
      "lastModifiedById": "005Hu00000SzKPgIAN",
      "lastModifiedByName": "OLD User",
      "lastModifiedDate": "2025-03-06T05:58:32.000Z",
      "manageableState": "unmanaged",
      "namespacePrefix": "standard",
      "type": "CustomApplication"
    },
    {
      "createdById": "005Hu00000SzKPgIAN",
      "createdByName": "OLD User",
      "createdDate": "2025-03-06T05:58:32.000Z",
      "fileName": "applications/standard__Content.app",
      "fullName": "standard__Content",
      "id": "02uHu000003l9h2IAA",
      "lastModifiedById": "005Hu00000SzKPgIAN",
      "lastModifiedByName": "OLD User",
      "lastModifiedDate": "2025-03-06T05:58:32.000Z",
      "manageableState": "unmanaged",
      "namespacePrefix": "standard",
      "type": "CustomApplication"
    },
    {
      "createdById": "005Hu00000SrqZhIAJ",
      "createdByName": "Tom Pallissery",
      "createdDate": "2025-03-06T05:58:32.000Z",
      "fileName": "applications/SDO_SalesPlanning_DemoApp.app",
      "fullName": "SDO_SalesPlanning_DemoApp",
      "id": "02uHu000003l9inIAA",
      "lastModifiedById": "005Hu00000SrqZhIAJ",
      "lastModifiedByName": "Tom Pallissery",
      "lastModifiedDate": "2025-03-06T05:58:32.000Z",
      "manageableState": "unmanaged",
      "type": "CustomApplication"
    },
    {
      "createdById": "005Hu00000SzKPgIAN",
      "createdByName": "OLD User",
      "createdDate": "2025-03-06T05:58:32.000Z",
      "fileName": "applications/standard__RatingManagement.app",
      "fullName": "standard__RatingManagement",
      "id": "02uHu000003l9ipIAA",
      "lastModifiedById": "005Hu00000SzKPgIAN",
      "lastModifiedByName": "OLD User",
      "lastModifiedDate": "2025-03-06T05:58:32.000Z",
      "manageableState": "unmanaged",
      "namespacePrefix": "standard",
      "type": "CustomApplication"
    },
    {
      "createdById": "005Hu00000SzKPgIAN",
      "createdByName": "OLD User",
      "createdDate": "2025-03-06T05:58:32.000Z",
      "fileName": "applications/standard__OutcomeManagementConsole.app",
      "fullName": "standard__OutcomeManagementConsole",
      "id": "02uHu000003l9gnIAA",
      "lastModifiedById": "005Hu00000SzKPgIAN",
      "lastModifiedByName": "OLD User",
      "lastModifiedDate": "2025-03-06T05:58:32.000Z",
      "manageableState": "unmanaged",
      "namespacePrefix": "standard",
      "type": "CustomApplication"
    },
    {
      "createdById": "005Hu00000SrqZhIAJ",
      "createdByName": "Tom Pallissery",
      "createdDate": "2025-03-06T05:58:32.000Z",
      "fileName": "applications/sfsp__SalesPlanning.app",
      "fullName": "sfsp__SalesPlanning",
      "id": "02uHu000003l9gfIAA",
      "lastModifiedById": "005Hu00000SrqZhIAJ",
      "lastModifiedByName": "Tom Pallissery",
      "lastModifiedDate": "2025-03-06T05:58:32.000Z",
      "manageableState": "installed",
      "namespacePrefix": "sfsp",
      "type": "CustomApplication"
    },
    {
      "createdById": "005Hu00000SzKPgIAN",
      "createdByName": "OLD User",
      "createdDate": "2025-03-06T05:58:32.000Z",
      "fileName": "applications/standard__PatientServiceConsole.app",
      "fullName": "standard__PatientServiceConsole",
      "id": "02uHu000003l9j1IAA",
      "lastModifiedById": "005Hu00000SzKPgIAN",
      "lastModifiedByName": "OLD User",
      "lastModifiedDate": "2025-03-06T05:58:32.000Z",
      "manageableState": "unmanaged",
      "namespacePrefix": "standard",
      "type": "CustomApplication"
    },
    {
      "createdById": "005Hu00000SrqZhIAJ",
      "createdByName": "Tom Pallissery",
      "createdDate": "2025-03-06T05:58:32.000Z",
      "fileName": "applications/maps__SalesforceMaps.app",
      "fullName": "maps__SalesforceMaps",
      "id": "02uHu000003l9hfIAA",
      "lastModifiedById": "005Hu00000SrqZhIAJ",
      "lastModifiedByName": "Tom Pallissery",
      "lastModifiedDate": "2025-03-06T05:58:32.000Z",
      "manageableState": "installed",
      "namespacePrefix": "maps",
      "type": "CustomApplication"
    },
    {
      "createdById": "005Hu00000SzKPgIAN",
      "createdByName": "OLD User",
      "createdDate": "2025-03-06T06:56:55.000Z",
      "fileName": "applications/standard__LightningScheduler.app",
      "fullName": "standard__LightningScheduler",
      "id": "02uHu000003Zk70IAC",
      "lastModifiedById": "005Hu00000SzKPgIAN",
      "lastModifiedByName": "OLD User",
      "lastModifiedDate": "2025-03-06T06:56:55.000Z",
      "manageableState": "unmanaged",
      "namespacePrefix": "standard",
      "type": "CustomApplication"
    },
    {
      "createdById": "005Hu00000SrqZhIAJ",
      "createdByName": "Tom Pallissery",
      "createdDate": "2025-03-06T05:58:32.000Z",
      "fileName": "applications/SDO_B2BCommerce_Rebate_Management.app",
      "fullName": "SDO_B2BCommerce_Rebate_Management",
      "id": "02uHu000003l9hyIAA",
      "lastModifiedById": "005Hu00000SrqZhIAJ",
      "lastModifiedByName": "Tom Pallissery",
      "lastModifiedDate": "2025-03-06T05:58:32.000Z",
      "manageableState": "unmanaged",
      "type": "CustomApplication"
    },
    {
      "createdById": "005Hu00000SzKPpIAN",
      "createdByName": "Lauren C",
      "createdDate": "2025-03-06T05:58:32.000Z",
      "fileName": "applications/omnistudio__Vlocity_Digital_Studio.app",
      "fullName": "omnistudio__Vlocity_Digital_Studio",
      "id": "02uHu000003l9iMIAQ",
      "lastModifiedById": "005Hu00000SzKPpIAN",
      "lastModifiedByName": "Lauren C",
      "lastModifiedDate": "2025-03-06T05:58:32.000Z",
      "manageableState": "installed",
      "namespacePrefix": "omnistudio",
      "type": "CustomApplication"
    },
    {
      "createdById": "005Hu00000SzKPgIAN",
      "createdByName": "OLD User",
      "createdDate": "2025-03-06T05:58:32.000Z",
      "fileName": "applications/standard__RetailOnBrowser.app",
      "fullName": "standard__RetailOnBrowser",
      "id": "02uHu000003l9hEIAQ",
      "lastModifiedById": "005Hu00000SzKPgIAN",
      "lastModifiedByName": "OLD User",
      "lastModifiedDate": "2025-03-06T05:58:32.000Z",
      "manageableState": "unmanaged",
      "namespacePrefix": "standard",
      "type": "CustomApplication"
    },
    {
      "createdById": "005Hu00000SzKPgIAN",
      "createdByName": "OLD User",
      "createdDate": "2025-03-06T05:58:32.000Z",
      "fileName": "applications/standard__RevenueCloudConsole.app",
      "fullName": "standard__RevenueCloudConsole",
      "id": "02uHu000003l9hJIAQ",
      "lastModifiedById": "005Hu00000SzKPgIAN",
      "lastModifiedByName": "OLD User",
      "lastModifiedDate": "2025-03-06T05:58:32.000Z",
      "manageableState": "unmanaged",
      "namespacePrefix": "standard",
      "type": "CustomApplication"
    },
    {
      "createdById": "005Hu00000SrqZhIAJ",
      "createdByName": "Tom Pallissery",
      "createdDate": "2025-03-06T05:58:32.000Z",
      "fileName": "applications/blng__QuotetoCash.app",
      "fullName": "blng__QuotetoCash",
      "id": "02uHu000003l9hvIAA",
      "lastModifiedById": "005Hu00000SrqZhIAJ",
      "lastModifiedByName": "Tom Pallissery",
      "lastModifiedDate": "2025-03-06T05:58:32.000Z",
      "manageableState": "installed",
      "namespacePrefix": "blng",
      "type": "CustomApplication"
    },
    {
      "createdById": "005Hu00000SzKPgIAN",
      "createdByName": "OLD User",
      "createdDate": "2025-03-06T05:58:32.000Z",
      "fileName": "applications/standard__AdvancedTherapyManagement.app",
      "fullName": "standard__AdvancedTherapyManagement",
      "id": "02uHu000003l9gvIAA",
      "lastModifiedById": "005Hu00000SzKPgIAN",
      "lastModifiedByName": "OLD User",
      "lastModifiedDate": "2025-03-06T05:58:32.000Z",
      "manageableState": "unmanaged",
      "namespacePrefix": "standard",
      "type": "CustomApplication"
    },
    {
      "createdById": "005Hu00000SzKPgIAN",
      "createdByName": "OLD User",
      "createdDate": "2025-03-06T05:58:32.000Z",
      "fileName": "applications/standard__SecurityHub.app",
      "fullName": "standard__SecurityHub",
      "id": "02uHu000003l9hLIAQ",
      "lastModifiedById": "005Hu00000SzKPgIAN",
      "lastModifiedByName": "OLD User",
      "lastModifiedDate": "2025-03-06T05:58:32.000Z",
      "manageableState": "unmanaged",
      "namespacePrefix": "standard",
      "type": "CustomApplication"
    },
    {
      "createdById": "005Hu00000SrqZhIAJ",
      "createdByName": "Tom Pallissery",
      "createdDate": "2025-03-06T05:58:32.000Z",
      "fileName": "applications/SDO_Sales_Console.app",
      "fullName": "SDO_Sales_Console",
      "id": "02uHu000003l9heIAA",
      "lastModifiedById": "005Hu00000SrqZhIAJ",
      "lastModifiedByName": "Tom Pallissery",
      "lastModifiedDate": "2025-03-06T05:58:32.000Z",
      "manageableState": "unmanaged",
      "type": "CustomApplication"
    },
    {
      "createdById": "005Hu00000SzKPgIAN",
      "createdByName": "OLD User",
      "createdDate": "2025-03-06T05:58:32.000Z",
      "fileName": "applications/standard__ProgramManagementConsole.app",
      "fullName": "standard__ProgramManagementConsole",
      "id": "02uHu000003l9gpIAA",
      "lastModifiedById": "005Hu00000SrqZhIAJ",
      "lastModifiedByName": "Tom Pallissery",
      "lastModifiedDate": "2025-03-06T05:58:32.000Z",
      "manageableState": "unmanaged",
      "namespacePrefix": "standard",
      "type": "CustomApplication"
    },
    {
      "createdById": "005Hu00000SrqZhIAJ",
      "createdByName": "Tom Pallissery",
      "createdDate": "2025-03-06T07:41:56.000Z",
      "fileName": "applications/Veterans_Bonus_CMS.app",
      "fullName": "Veterans_Bonus_CMS",
      "id": "02uHu000003Zk7dIAC",
      "lastModifiedById": "005Hu00000SrqZhIAJ",
      "lastModifiedByName": "Tom Pallissery",
      "lastModifiedDate": "2025-03-14T11:45:53.000Z",
      "manageableState": "unmanaged",
      "type": "CustomApplication"
    },
    {
      "createdById": "005Hu00000SrqZhIAJ",
      "createdByName": "Tom Pallissery",
      "createdDate": "2025-03-06T05:58:32.000Z",
      "fileName": "applications/SDO_Channel_Sales.app",
      "fullName": "SDO_Channel_Sales",
      "id": "02uHu000003l9i8IAA",
      "lastModifiedById": "005Hu00000SrqZhIAJ",
      "lastModifiedByName": "Tom Pallissery",
      "lastModifiedDate": "2025-03-06T05:58:32.000Z",
      "manageableState": "unmanaged",
      "type": "CustomApplication"
    },
    {
      "createdById": "005Hu00000SzKPgIAN",
      "createdByName": "OLD User",
      "createdDate": "2025-03-06T05:58:32.000Z",
      "fileName": "applications/standard__ProviderNetworkManagement.app",
      "fullName": "standard__ProviderNetworkManagement",
      "id": "02uHu000003l9irIAA",
      "lastModifiedById": "005Hu00000SzKPgIAN",
      "lastModifiedByName": "OLD User",
      "lastModifiedDate": "2025-03-06T05:58:32.000Z",
      "manageableState": "unmanaged",
      "namespacePrefix": "standard",
      "type": "CustomApplication"
    },
    {
      "createdById": "005Hu00000SrqZhIAJ",
      "createdByName": "Tom Pallissery",
      "createdDate": "2025-03-06T05:58:32.000Z",
      "fileName": "applications/SDO_Platform_Events_Wizard.app",
      "fullName": "SDO_Platform_Events_Wizard",
      "id": "02uHu000003l9hVIAQ",
      "lastModifiedById": "005Hu00000SrqZhIAJ",
      "lastModifiedByName": "Tom Pallissery",
      "lastModifiedDate": "2025-03-06T05:58:32.000Z",
      "manageableState": "unmanaged",
      "type": "CustomApplication"
    },
    {
      "createdById": "005Hu00000SrqZhIAJ",
      "createdByName": "Tom Pallissery",
      "createdDate": "2025-03-06T05:58:32.000Z",
      "fileName": "applications/SDO_Maps.app",
      "fullName": "SDO_Maps",
      "id": "02uHu000003l9hgIAA",
      "lastModifiedById": "005Hu00000SrqZhIAJ",
      "lastModifiedByName": "Tom Pallissery",
      "lastModifiedDate": "2025-03-06T05:58:32.000Z",
      "manageableState": "unmanaged",
      "type": "CustomApplication"
    },
    {
      "createdById": "005Hu00000SzKPgIAN",
      "createdByName": "OLD User",
      "createdDate": "2025-03-06T05:58:32.000Z",
      "fileName": "applications/standard__Platform.app",
      "fullName": "standard__Platform",
      "id": "02uHu000003l9grIAA",
      "lastModifiedById": "005Hu00000SzKPgIAN",
      "lastModifiedByName": "OLD User",
      "lastModifiedDate": "2025-03-06T05:58:32.000Z",
      "manageableState": "unmanaged",
      "namespacePrefix": "standard",
      "type": "CustomApplication"
    },
    {
      "createdById": "005Hu00000SzKPgIAN",
      "createdByName": "OLD User",
      "createdDate": "2025-03-06T05:58:32.000Z",
      "fileName": "applications/standard__IndustriesEpc.app",
      "fullName": "standard__IndustriesEpc",
      "id": "02uHu000003l9iXIAQ",
      "lastModifiedById": "005Hu00000SzKPgIAN",
      "lastModifiedByName": "OLD User",
      "lastModifiedDate": "2025-03-06T05:58:32.000Z",
      "manageableState": "unmanaged",
      "namespacePrefix": "standard",
      "type": "CustomApplication"
    },
    {
      "createdById": "005Hu00000SrqZhIAJ",
      "createdByName": "Tom Pallissery",
      "createdDate": "2025-03-06T05:58:32.000Z",
      "fileName": "applications/FSL__FieldService_Admin.app",
      "fullName": "FSL__FieldService_Admin",
      "id": "02uHu000003l9gcIAA",
      "lastModifiedById": "005Hu00000SzKPuIAN",
      "lastModifiedByName": "FSL",
      "lastModifiedDate": "2025-03-06T05:58:32.000Z",
      "manageableState": "installed",
      "namespacePrefix": "FSL",
      "type": "CustomApplication"
    },
    {
      "createdById": "005Hu00000SrqZhIAJ",
      "createdByName": "Tom Pallissery",
      "createdDate": "2025-03-06T05:58:32.000Z",
      "fileName": "applications/FSL__FieldService.app",
      "fullName": "FSL__FieldService",
      "id": "02uHu000003l9hXIAQ",
      "lastModifiedById": "005Hu00000SzKPuIAN",
      "lastModifiedByName": "FSL",
      "lastModifiedDate": "2025-03-06T05:58:32.000Z",
      "manageableState": "installed",
      "namespacePrefix": "FSL",
      "type": "CustomApplication"
    },
    {
      "createdById": "005Hu00000SrqZhIAJ",
      "createdByName": "Tom Pallissery",
      "createdDate": "2025-03-06T05:58:32.000Z",
      "fileName": "applications/Guidance_Center_Demo_Manager.app",
      "fullName": "Guidance_Center_Demo_Manager",
      "id": "02uHu000003l9hcIAA",
      "lastModifiedById": "005Hu00000SrqZhIAJ",
      "lastModifiedByName": "Tom Pallissery",
      "lastModifiedDate": "2025-03-06T05:58:32.000Z",
      "manageableState": "unmanaged",
      "type": "CustomApplication"
    },
    {
      "createdById": "005Hu00000SrqZhIAJ",
      "createdByName": "Tom Pallissery",
      "createdDate": "2025-03-06T05:58:32.000Z",
      "fileName": "applications/Dynamic_Banner.app",
      "fullName": "Dynamic_Banner",
      "id": "02uHu000003l9iQIAQ",
      "lastModifiedById": "005Hu00000SrqZhIAJ",
      "lastModifiedByName": "Tom Pallissery",
      "lastModifiedDate": "2025-03-06T05:58:32.000Z",
      "manageableState": "unmanaged",
      "type": "CustomApplication"
    },
    {
      "createdById": "005Hu00000SzKPgIAN",
      "createdByName": "OLD User",
      "createdDate": "2025-03-06T05:58:32.000Z",
      "fileName": "applications/standard__LoyaltyManagement.app",
      "fullName": "standard__LoyaltyManagement",
      "id": "02uHu000003l9hBIAQ",
      "lastModifiedById": "005Hu00000SzKPgIAN",
      "lastModifiedByName": "OLD User",
      "lastModifiedDate": "2025-03-06T05:58:32.000Z",
      "manageableState": "unmanaged",
      "namespacePrefix": "standard",
      "type": "CustomApplication"
    },
    {
      "createdById": "005Hu00000SzKPgIAN",
      "createdByName": "OLD User",
      "createdDate": "2025-03-06T05:58:32.000Z",
      "fileName": "applications/standard__OnlineSales.app",
      "fullName": "standard__OnlineSales",
      "id": "02uHu000003l9gxIAA",
      "lastModifiedById": "005Hu00000SzKPgIAN",
      "lastModifiedByName": "OLD User",
      "lastModifiedDate": "2025-03-06T05:58:32.000Z",
      "manageableState": "unmanaged",
      "namespacePrefix": "standard",
      "type": "CustomApplication"
    },
    {
      "createdById": "005Hu00000SzKPgIAN",
      "createdByName": "OLD User",
      "createdDate": "2025-03-06T07:07:25.000Z",
      "fileName": "applications/standard__FlowsApp.app",
      "fullName": "standard__FlowsApp",
      "id": "02uHu000003Zk7JIAS",
      "lastModifiedById": "005Hu00000SzKPgIAN",
      "lastModifiedByName": "OLD User",
      "lastModifiedDate": "2025-03-06T07:07:25.000Z",
      "manageableState": "unmanaged",
      "namespacePrefix": "standard",
      "type": "CustomApplication"
    },
    {
      "createdById": "005Hu00000SrqZhIAJ",
      "createdByName": "Tom Pallissery",
      "createdDate": "2025-03-06T05:58:32.000Z",
      "fileName": "applications/SDO_SFS_FieldServiceConsole.app",
      "fullName": "SDO_SFS_FieldServiceConsole",
      "id": "02uHu000003l9hnIAA",
      "lastModifiedById": "005Hu00000SrqZhIAJ",
      "lastModifiedByName": "Tom Pallissery",
      "lastModifiedDate": "2025-03-06T05:58:32.000Z",
      "manageableState": "unmanaged",
      "type": "CustomApplication"
    },
    {
      "createdById": "005Hu00000SzKPgIAN",
      "createdByName": "OLD User",
      "createdDate": "2025-03-06T05:58:32.000Z",
      "fileName": "applications/standard__ICMConsole.app",
      "fullName": "standard__ICMConsole",
      "id": "02uHu000003l9iPIAQ",
      "lastModifiedById": "005Hu00000SzKPgIAN",
      "lastModifiedByName": "OLD User",
      "lastModifiedDate": "2025-03-06T05:58:32.000Z",
      "manageableState": "unmanaged",
      "namespacePrefix": "standard",
      "type": "CustomApplication"
    },
    {
      "createdById": "005Hu00000SrqZhIAJ",
      "createdByName": "Tom Pallissery",
      "createdDate": "2025-03-06T05:58:32.000Z",
      "fileName": "applications/pi__Sales_Reach.app",
      "fullName": "pi__Sales_Reach",
      "id": "02uHu000003l9i2IAA",
      "lastModifiedById": "005Hu00000SzKPxIAN",
      "lastModifiedByName": "Pardot",
      "lastModifiedDate": "2025-03-06T05:58:32.000Z",
      "manageableState": "installed",
      "namespacePrefix": "pi",
      "type": "CustomApplication"
    },
    {
      "createdById": "005Hu00000SrqZhIAJ",
      "createdByName": "Tom Pallissery",
      "createdDate": "2025-03-06T05:58:32.000Z",
      "fileName": "applications/pi__ProspectInsight.app",
      "fullName": "pi__ProspectInsight",
      "id": "02uHu000003l9i1IAA",
      "lastModifiedById": "005Hu00000SzKPxIAN",
      "lastModifiedByName": "Pardot",
      "lastModifiedDate": "2025-03-06T05:58:32.000Z",
      "manageableState": "installed",
      "namespacePrefix": "pi",
      "type": "CustomApplication"
    },
    {
      "createdById": "005Hu00000SzKPgIAN",
      "createdByName": "OLD User",
      "createdDate": "2025-03-06T05:58:32.000Z",
      "fileName": "applications/standard__Sales.app",
      "fullName": "standard__Sales",
      "id": "02uHu000003l9gaIAA",
      "lastModifiedById": "005Hu00000SzKPgIAN",
      "lastModifiedByName": "OLD User",
      "lastModifiedDate": "2025-03-06T05:58:32.000Z",
      "manageableState": "unmanaged",
      "namespacePrefix": "standard",
      "type": "CustomApplication"
    },
    {
      "createdById": "005Hu00000SzKPgIAN",
      "createdByName": "OLD User",
      "createdDate": "2025-03-06T05:58:32.000Z",
      "fileName": "applications/standard__EnvironmentHub.app",
      "fullName": "standard__EnvironmentHub",
      "id": "02uHu000003l9hRIAQ",
      "lastModifiedById": "005Hu00000SzKPgIAN",
      "lastModifiedByName": "OLD User",
      "lastModifiedDate": "2025-03-06T05:58:32.000Z",
      "manageableState": "unmanaged",
      "namespacePrefix": "standard",
      "type": "CustomApplication"
    },
    {
      "createdById": "005Hu00000SrqZhIAJ",
      "createdByName": "Tom Pallissery",
      "createdDate": "2025-03-06T05:58:32.000Z",
      "fileName": "applications/Ptnr_Onbd_Fmwk__Partner_Onboarding.app",
      "fullName": "Ptnr_Onbd_Fmwk__Partner_Onboarding",
      "id": "02uHu000003l9i4IAA",
      "lastModifiedById": "005Hu00000SrqZhIAJ",
      "lastModifiedByName": "Tom Pallissery",
      "lastModifiedDate": "2025-03-06T05:58:32.000Z",
      "manageableState": "installed",
      "namespacePrefix": "Ptnr_Onbd_Fmwk",
      "type": "CustomApplication"
    },
    {
      "createdById": "005Hu00000SzKPgIAN",
      "createdByName": "OLD User",
      "createdDate": "2025-03-06T05:58:32.000Z",
      "fileName": "applications/standard__SalesforceContracts.app",
      "fullName": "standard__SalesforceContracts",
      "id": "02uHu000003l9iHIAQ",
      "lastModifiedById": "005Hu00000SzKPgIAN",
      "lastModifiedByName": "OLD User",
      "lastModifiedDate": "2025-03-06T05:58:32.000Z",
      "manageableState": "unmanaged",
      "namespacePrefix": "standard",
      "type": "CustomApplication"
    },
    {
      "createdById": "005Hu00000SzKPgIAN",
      "createdByName": "OLD User",
      "createdDate": "2025-03-06T05:58:32.000Z",
      "fileName": "applications/standard__Grantmaking.app",
      "fullName": "standard__Grantmaking",
      "id": "02uHu000003l9gkIAA",
      "lastModifiedById": "005Hu00000SrqZhIAJ",
      "lastModifiedByName": "Tom Pallissery",
      "lastModifiedDate": "2025-03-06T05:58:32.000Z",
      "manageableState": "unmanaged",
      "namespacePrefix": "standard",
      "type": "CustomApplication"
    },
    {
      "createdById": "005Hu00000SrqZhIAJ",
      "createdByName": "Tom Pallissery",
      "createdDate": "2025-03-06T05:58:32.000Z",
      "fileName": "applications/blng__SalesforceBillingConfiguration.app",
      "fullName": "blng__SalesforceBillingConfiguration",
      "id": "02uHu000003l9hwIAA",
      "lastModifiedById": "005Hu00000SrqZhIAJ",
      "lastModifiedByName": "Tom Pallissery",
      "lastModifiedDate": "2025-03-06T05:58:32.000Z",
      "manageableState": "installed",
      "namespacePrefix": "blng",
      "type": "CustomApplication"
    },
    {
      "createdById": "005Hu00000SrqZhIAJ",
      "createdByName": "Tom Pallissery",
      "createdDate": "2025-03-06T05:58:32.000Z",
      "fileName": "applications/P4SF_Standalone__SDO_Tableau_Pulse_For_Salesforce.app",
      "fullName": "P4SF_Standalone__SDO_Tableau_Pulse_For_Salesforce",
      "id": "02uHu000003l9ilIAA",
      "lastModifiedById": "005Hu00000SrqZhIAJ",
      "lastModifiedByName": "Tom Pallissery",
      "lastModifiedDate": "2025-03-06T05:58:32.000Z",
      "manageableState": "installed",
      "namespacePrefix": "P4SF_Standalone",
      "type": "CustomApplication"
    },
    {
      "createdById": "005Hu00000SzKPgIAN",
      "createdByName": "OLD User",
      "createdDate": "2025-03-06T05:58:32.000Z",
      "fileName": "applications/standard__CommerceV2.app",
      "fullName": "standard__CommerceV2",
      "id": "02uHu000003l9igIAA",
      "lastModifiedById": "005Hu00000SrqZhIAJ",
      "lastModifiedByName": "Tom Pallissery",
      "lastModifiedDate": "2025-03-06T05:58:32.000Z",
      "manageableState": "unmanaged",
      "namespacePrefix": "standard",
      "type": "CustomApplication"
    },
    {
      "createdById": "005Hu00000SrqZhIAJ",
      "createdByName": "Tom Pallissery",
      "createdDate": "2025-03-06T05:58:32.000Z",
      "fileName": "applications/SBQQ__QuoteQuickly.app",
      "fullName": "SBQQ__QuoteQuickly",
      "id": "02uHu000003l9huIAA",
      "lastModifiedById": "005Hu00000SrqZhIAJ",
      "lastModifiedByName": "Tom Pallissery",
      "lastModifiedDate": "2025-03-06T05:58:32.000Z",
      "manageableState": "installed",
      "namespacePrefix": "SBQQ",
      "type": "CustomApplication"
    },
    {
      "createdById": "005Hu00000SzKPqIAN",
      "createdByName": "IDO Contributor",
      "createdDate": "2025-03-06T05:58:32.000Z",
      "fileName": "applications/Facility_Management.app",
      "fullName": "Facility_Management",
      "id": "02uHu000003l9giIAA",
      "lastModifiedById": "005Hu00000SzKPqIAN",
      "lastModifiedByName": "IDO Contributor",
      "lastModifiedDate": "2025-03-06T05:58:32.000Z",
      "manageableState": "unmanaged",
      "type": "CustomApplication"
    },
    {
      "createdById": "005Hu00000SrqZhIAJ",
      "createdByName": "Tom Pallissery",
      "createdDate": "2025-03-06T05:58:32.000Z",
      "fileName": "applications/inov8__PMT_Console.app",
      "fullName": "inov8__PMT_Console",
      "id": "02uHu000003l9gdIAA",
      "lastModifiedById": "005Hu00000SrqZhIAJ",
      "lastModifiedByName": "Tom Pallissery",
      "lastModifiedDate": "2025-03-06T05:58:32.000Z",
      "manageableState": "installed",
      "namespacePrefix": "inov8",
      "type": "CustomApplication"
    },
    {
      "createdById": "005Hu00000SrqZhIAJ",
      "createdByName": "Tom Pallissery",
      "createdDate": "2025-03-06T05:58:32.000Z",
      "fileName": "applications/inov8__PMT.app",
      "fullName": "inov8__PMT",
      "id": "02uHu000003l9geIAA",
      "lastModifiedById": "005Hu00000SrqZhIAJ",
      "lastModifiedByName": "Tom Pallissery",
      "lastModifiedDate": "2025-03-06T05:58:32.000Z",
      "manageableState": "installed",
      "namespacePrefix": "inov8",
      "type": "CustomApplication"
    },
    {
      "createdById": "005Hu00000SzKPgIAN",
      "createdByName": "OLD User",
      "createdDate": "2025-03-06T05:58:32.000Z",
      "fileName": "applications/standard__PaymentsManagement.app",
      "fullName": "standard__PaymentsManagement",
      "id": "02uHu000003l9iEIAQ",
      "lastModifiedById": "005Hu00000SzKPgIAN",
      "lastModifiedByName": "OLD User",
      "lastModifiedDate": "2025-03-06T05:58:32.000Z",
      "manageableState": "unmanaged",
      "namespacePrefix": "standard",
      "type": "CustomApplication"
    },
    {
      "createdById": "005Hu00000SzKPgIAN",
      "createdByName": "OLD User",
      "createdDate": "2025-03-06T05:58:32.000Z",
      "fileName": "applications/standard__QueueManagement.app",
      "fullName": "standard__QueueManagement",
      "id": "02uHu000003l9hHIAQ",
      "lastModifiedById": "005Hu00000SzKPgIAN",
      "lastModifiedByName": "OLD User",
      "lastModifiedDate": "2025-03-06T05:58:32.000Z",
      "manageableState": "unmanaged",
      "namespacePrefix": "standard",
      "type": "CustomApplication"
    },
    {
      "createdById": "005Hu00000SrqZhIAJ",
      "createdByName": "Tom Pallissery",
      "createdDate": "2025-03-06T05:58:32.000Z",
      "fileName": "applications/SDO_TCRM_Dashboard_Magic.app",
      "fullName": "SDO_TCRM_Dashboard_Magic",
      "id": "02uHu000003l9i3IAA",
      "lastModifiedById": "005Hu00000SrqZhIAJ",
      "lastModifiedByName": "Tom Pallissery",
      "lastModifiedDate": "2025-03-06T05:58:32.000Z",
      "manageableState": "unmanaged",
      "type": "CustomApplication"
    },
    {
      "createdById": "005Hu00000SrqZhIAJ",
      "createdByName": "Tom Pallissery",
      "createdDate": "2025-03-06T05:58:32.000Z",
      "fileName": "applications/datamask__DataMask.app",
      "fullName": "datamask__DataMask",
      "id": "02uHu000003l9hUIAQ",
      "lastModifiedById": "005Hu00000SzKPvIAN",
      "lastModifiedByName": "Data Mask",
      "lastModifiedDate": "2025-03-06T05:58:32.000Z",
      "manageableState": "installed",
      "namespacePrefix": "datamask",
      "type": "CustomApplication"
    },
    {
      "createdById": "005Hu00000SrqZhIAJ",
      "createdByName": "Tom Pallissery",
      "createdDate": "2025-03-06T05:58:32.000Z",
      "fileName": "applications/AnalyticsDemoTools_Lightning.app",
      "fullName": "AnalyticsDemoTools_Lightning",
      "id": "02uHu000003l9hrIAA",
      "lastModifiedById": "005Hu00000SrqZhIAJ",
      "lastModifiedByName": "Tom Pallissery",
      "lastModifiedDate": "2025-03-06T05:58:32.000Z",
      "manageableState": "unmanaged",
      "type": "CustomApplication"
    },
    {
      "createdById": "005Hu00000SzKPgIAN",
      "createdByName": "OLD User",
      "createdDate": "2025-03-06T05:58:32.000Z",
      "fileName": "applications/standard__Approvals.app",
      "fullName": "standard__Approvals",
      "id": "02uHu000003l9ioIAA",
      "lastModifiedById": "005Hu00000SzKPgIAN",
      "lastModifiedByName": "OLD User",
      "lastModifiedDate": "2025-03-06T05:58:32.000Z",
      "manageableState": "unmanaged",
      "namespacePrefix": "standard",
      "type": "CustomApplication"
    },
    {
      "createdById": "005Hu00000SzKPgIAN",
      "createdByName": "OLD User",
      "createdDate": "2025-03-06T05:58:32.000Z",
      "fileName": "applications/standard__PublicSector.app",
      "fullName": "standard__PublicSector",
      "id": "02uHu000003l9ggIAA",
      "lastModifiedById": "005Hu00000SrqZhIAJ",
      "lastModifiedByName": "Tom Pallissery",
      "lastModifiedDate": "2025-03-06T05:58:32.000Z",
      "manageableState": "unmanaged",
      "namespacePrefix": "standard",
      "type": "CustomApplication"
    },
    {
      "createdById": "005Hu00000SzKPgIAN",
      "createdByName": "OLD User",
      "createdDate": "2025-03-06T07:04:54.000Z",
      "fileName": "applications/standard__PardotAppV1.app",
      "fullName": "standard__PardotAppV1",
      "id": "02uHu000003Zk72IAC",
      "lastModifiedById": "005Hu00000SzKPgIAN",
      "lastModifiedByName": "OLD User",
      "lastModifiedDate": "2025-03-06T07:04:54.000Z",
      "manageableState": "unmanaged",
      "namespacePrefix": "standard",
      "type": "CustomApplication"
    },
    {
      "createdById": "005Hu00000SzKPgIAN",
      "createdByName": "OLD User",
      "createdDate": "2025-03-06T05:58:32.000Z",
      "fileName": "applications/standard__Retail.app",
      "fullName": "standard__Retail",
      "id": "02uHu000003l9hDIAQ",
      "lastModifiedById": "005Hu00000SzKPgIAN",
      "lastModifiedByName": "OLD User",
      "lastModifiedDate": "2025-03-06T05:58:32.000Z",
      "manageableState": "unmanaged",
      "namespacePrefix": "standard",
      "type": "CustomApplication"
    },
    {
      "createdById": "005Hu00000SzKPgIAN",
      "createdByName": "OLD User",
      "createdDate": "2025-03-06T05:58:32.000Z",
      "fileName": "applications/standard__Marketing.app",
      "fullName": "standard__Marketing",
      "id": "02uHu000003l9gsIAA",
      "lastModifiedById": "005Hu00000SzKPgIAN",
      "lastModifiedByName": "OLD User",
      "lastModifiedDate": "2025-03-06T05:58:32.000Z",
      "manageableState": "unmanaged",
      "namespacePrefix": "standard",
      "type": "CustomApplication"
    },
    {
      "createdById": "005Hu00000SrqZhIAJ",
      "createdByName": "Tom Pallissery",
      "createdDate": "2025-03-06T05:58:32.000Z",
      "fileName": "applications/tspa__Visual_Remote_Assistant.app",
      "fullName": "tspa__Visual_Remote_Assistant",
      "id": "02uHu000003l9hiIAA",
      "lastModifiedById": "005Hu00000SrqZhIAJ",
      "lastModifiedByName": "Tom Pallissery",
      "lastModifiedDate": "2025-03-06T05:58:32.000Z",
      "manageableState": "installed",
      "namespacePrefix": "tspa",
      "type": "CustomApplication"
    },
    {
      "createdById": "005Hu00000SzKPgIAN",
      "createdByName": "OLD User",
      "createdDate": "2025-03-06T05:58:32.000Z",
      "fileName": "applications/standard__AppLauncher.app",
      "fullName": "standard__AppLauncher",
      "id": "02uHu000003l9gyIAA",
      "lastModifiedById": "005Hu00000SzKPgIAN",
      "lastModifiedByName": "OLD User",
      "lastModifiedDate": "2025-03-06T05:58:32.000Z",
      "manageableState": "unmanaged",
      "namespacePrefix": "standard",
      "type": "CustomApplication"
    },
    {
      "createdById": "005Hu00000SrqZhIAJ",
      "createdByName": "Tom Pallissery",
      "createdDate": "2025-03-06T05:58:32.000Z",
      "fileName": "applications/gps_Emergency_Response_Console.app",
      "fullName": "gps_Emergency_Response_Console",
      "id": "02uHu000003l9gjIAA",
      "lastModifiedById": "005Hu00000SrqZhIAJ",
      "lastModifiedByName": "Tom Pallissery",
      "lastModifiedDate": "2025-03-06T05:58:32.000Z",
      "manageableState": "unmanaged",
      "type": "CustomApplication"
    },
    {
      "createdById": "005Hu00000SrqZhIAJ",
      "createdByName": "Tom Pallissery",
      "createdDate": "2025-03-06T05:58:32.000Z",
      "fileName": "applications/aqi_ltng_mng__AQI_APP.app",
      "fullName": "aqi_ltng_mng__AQI_APP",
      "id": "02uHu000003l9hkIAA",
      "lastModifiedById": "005Hu00000SrqZhIAJ",
      "lastModifiedByName": "Tom Pallissery",
      "lastModifiedDate": "2025-03-06T05:58:32.000Z",
      "manageableState": "installed",
      "namespacePrefix": "aqi_ltng_mng",
      "type": "CustomApplication"
    },
    {
      "createdById": "005Hu00000SrqZhIAJ",
      "createdByName": "Tom Pallissery",
      "createdDate": "2025-03-06T05:58:32.000Z",
      "fileName": "applications/SDO_Service_Console.app",
      "fullName": "SDO_Service_Console",
      "id": "02uHu000003l9gqIAA",
      "lastModifiedById": "005Hu00000SrqZhIAJ",
      "lastModifiedByName": "Tom Pallissery",
      "lastModifiedDate": "2025-03-06T05:58:32.000Z",
      "manageableState": "unmanaged",
      "type": "CustomApplication"
    },
    {
      "createdById": "005Hu00000SzKPgIAN",
      "createdByName": "OLD User",
      "createdDate": "2025-03-06T05:58:32.000Z",
      "fileName": "applications/standard__BenefitManagementApp.app",
      "fullName": "standard__BenefitManagementApp",
      "id": "02uHu000003l9glIAA",
      "lastModifiedById": "005Hu00000SzKPgIAN",
      "lastModifiedByName": "OLD User",
      "lastModifiedDate": "2025-03-06T05:58:32.000Z",
      "manageableState": "unmanaged",
      "namespacePrefix": "standard",
      "type": "CustomApplication"
    },
    {
      "createdById": "005Hu00000SzKPgIAN",
      "createdByName": "OLD User",
      "createdDate": "2025-03-06T05:58:32.000Z",
      "fileName": "applications/standard__RecruitmentManagement.app",
      "fullName": "standard__RecruitmentManagement",
      "id": "02uHu000003l9itIAA",
      "lastModifiedById": "005Hu00000SrqZhIAJ",
      "lastModifiedByName": "Tom Pallissery",
      "lastModifiedDate": "2025-03-06T05:58:32.000Z",
      "manageableState": "unmanaged",
      "namespacePrefix": "standard",
      "type": "CustomApplication"
    },
    {
      "createdById": "005Hu00000SzKPgIAN",
      "createdByName": "OLD User",
      "createdDate": "2025-03-06T05:58:32.000Z",
      "fileName": "applications/standard__FieldServiceHomeApp.app",
      "fullName": "standard__FieldServiceHomeApp",
      "id": "02uHu000003l9j3IAA",
      "lastModifiedById": "005Hu00000SzKPgIAN",
      "lastModifiedByName": "OLD User",
      "lastModifiedDate": "2025-03-06T05:58:32.000Z",
      "manageableState": "unmanaged",
      "namespacePrefix": "standard",
      "type": "CustomApplication"
    },
    {
      "createdById": "005Hu00000SzKPgIAN",
      "createdByName": "OLD User",
      "createdDate": "2025-03-06T05:58:32.000Z",
      "fileName": "applications/standard__Service.app",
      "fullName": "standard__Service",
      "id": "02uHu000003l9gZIAQ",
      "lastModifiedById": "005Hu00000SzKPgIAN",
      "lastModifiedByName": "OLD User",
      "lastModifiedDate": "2025-03-06T05:58:32.000Z",
      "manageableState": "unmanaged",
      "namespacePrefix": "standard",
      "type": "CustomApplication"
    },
    {
      "createdById": "005Hu00000SzKPgIAN",
      "createdByName": "OLD User",
      "createdDate": "2025-03-06T05:58:32.000Z",
      "fileName": "applications/standard__AllTabSet.app",
      "fullName": "standard__AllTabSet",
      "id": "02uHu000003l9hAIAQ",
      "lastModifiedById": "005Hu00000SrqZhIAJ",
      "lastModifiedByName": "Tom Pallissery",
      "lastModifiedDate": "2025-03-06T05:58:32.000Z",
      "manageableState": "unmanaged",
      "namespacePrefix": "standard",
      "type": "CustomApplication"
    },
    {
      "createdById": "005Hu00000SrqZhIAJ",
      "createdByName": "Tom Pallissery",
      "createdDate": "2025-03-06T05:58:32.000Z",
      "fileName": "applications/SDO_Service_Workforce_Engagement.app",
      "fullName": "SDO_Service_Workforce_Engagement",
      "id": "02uHu000003l9hmIAA",
      "lastModifiedById": "005Hu00000SrqZhIAJ",
      "lastModifiedByName": "Tom Pallissery",
      "lastModifiedDate": "2025-03-06T05:58:32.000Z",
      "manageableState": "unmanaged",
      "type": "CustomApplication"
    },
    {
      "createdById": "005Hu00000SrqZhIAJ",
      "createdByName": "Tom Pallissery",
      "createdDate": "2025-03-06T05:58:32.000Z",
      "fileName": "applications/sbaa__AdvancedApprovals.app",
      "fullName": "sbaa__AdvancedApprovals",
      "id": "02uHu000003l9hxIAA",
      "lastModifiedById": "005Hu00000SrqZhIAJ",
      "lastModifiedByName": "Tom Pallissery",
      "lastModifiedDate": "2025-03-06T05:58:32.000Z",
      "manageableState": "installed",
      "namespacePrefix": "sbaa",
      "type": "CustomApplication"
    },
    {
      "createdById": "005Hu00000SzKPgIAN",
      "createdByName": "OLD User",
      "createdDate": "2025-03-06T05:58:32.000Z",
      "fileName": "applications/standard__PublicSectorInspectionManagement.app",
      "fullName": "standard__PublicSectorInspectionManagement",
      "id": "02uHu000003l9gmIAA",
      "lastModifiedById": "005Hu00000SrqZhIAJ",
      "lastModifiedByName": "Tom Pallissery",
      "lastModifiedDate": "2025-03-06T05:58:32.000Z",
      "manageableState": "unmanaged",
      "namespacePrefix": "standard",
      "type": "CustomApplication"
    },
    {
      "createdById": "005Hu00000SrqZhIAJ",
      "createdByName": "Tom Pallissery",
      "createdDate": "2025-03-06T05:58:32.000Z",
      "fileName": "applications/SDO_Sales_App.app",
      "fullName": "SDO_Sales_App",
      "id": "02uHu000003l9hdIAA",
      "lastModifiedById": "005Hu00000SrqZhIAJ",
      "lastModifiedByName": "Tom Pallissery",
      "lastModifiedDate": "2025-03-06T05:58:32.000Z",
      "manageableState": "unmanaged",
      "type": "CustomApplication"
    },
    {
      "createdById": "005Hu00000SzKPgIAN",
      "createdByName": "OLD User",
      "createdDate": "2025-03-06T05:58:32.000Z",
      "fileName": "applications/standard__Audience360.app",
      "fullName": "standard__Audience360",
      "id": "02uHu000003l9iLIAQ",
      "lastModifiedById": "005Hu00000SzKPgIAN",
      "lastModifiedByName": "OLD User",
      "lastModifiedDate": "2025-03-06T05:58:32.000Z",
      "manageableState": "unmanaged",
      "namespacePrefix": "standard",
      "type": "CustomApplication"
    },
    {
      "createdById": "005Hu00000SzKPgIAN",
      "createdByName": "OLD User",
      "createdDate": "2025-03-06T05:58:32.000Z",
      "fileName": "applications/standard__LightningSales.app",
      "fullName": "standard__LightningSales",
      "id": "02uHu000003l9h7IAA",
      "lastModifiedById": "005Hu00000SzKPoIAN",
      "lastModifiedByName": "Automated Process",
      "lastModifiedDate": "2025-03-06T05:58:32.000Z",
      "manageableState": "unmanaged",
      "namespacePrefix": "standard",
      "type": "CustomApplication"
    },
    {
      "createdById": "005Hu00000SrqZhIAJ",
      "createdByName": "Tom Pallissery",
      "createdDate": "2025-03-06T05:58:32.000Z",
      "fileName": "applications/aqi_ltng_mng__Article_Quality.app",
      "fullName": "aqi_ltng_mng__Article_Quality",
      "id": "02uHu000003l9hlIAA",
      "lastModifiedById": "005Hu00000SrqZhIAJ",
      "lastModifiedByName": "Tom Pallissery",
      "lastModifiedDate": "2025-03-06T05:58:32.000Z",
      "manageableState": "installed",
      "namespacePrefix": "aqi_ltng_mng",
      "type": "CustomApplication"
    },
    {
      "createdById": "005Hu00000SzKPgIAN",
      "createdByName": "OLD User",
      "createdDate": "2025-03-06T05:58:32.000Z",
      "fileName": "applications/standard__HVSConsole.app",
      "fullName": "standard__HVSConsole",
      "id": "02uHu000003l9hhIAA",
      "lastModifiedById": "005Hu00000SrqZhIAJ",
      "lastModifiedByName": "Tom Pallissery",
      "lastModifiedDate": "2025-03-06T05:58:32.000Z",
      "manageableState": "unmanaged",
      "namespacePrefix": "standard",
      "type": "CustomApplication"
    },
    {
      "createdById": "005Hu00000SzKPgIAN",
      "createdByName": "OLD User",
      "createdDate": "2025-03-06T05:58:32.000Z",
      "fileName": "applications/standard__LightningSalesConsole.app",
      "fullName": "standard__LightningSalesConsole",
      "id": "02uHu000003l9hIIAQ",
      "lastModifiedById": "005Hu00000SrqZhIAJ",
      "lastModifiedByName": "Tom Pallissery",
      "lastModifiedDate": "2025-03-06T05:58:32.000Z",
      "manageableState": "unmanaged",
      "namespacePrefix": "standard",
      "type": "CustomApplication"
    },
    {
      "createdById": "005Hu00000SrqZhIAJ",
      "createdByName": "Tom Pallissery",
      "createdDate": "2025-03-06T05:58:32.000Z",
      "fileName": "applications/gps_Public_Sector_Court_Case_Management.app",
      "fullName": "gps_Public_Sector_Court_Case_Management",
      "id": "02uHu000003l9goIAA",
      "lastModifiedById": "005Hu00000SrqZhIAJ",
      "lastModifiedByName": "Tom Pallissery",
      "lastModifiedDate": "2025-03-06T05:58:32.000Z",
      "manageableState": "unmanaged",
      "type": "CustomApplication"
    },
    {
      "createdById": "005Hu00000SzKPgIAN",
      "createdByName": "OLD User",
      "createdDate": "2025-03-06T05:58:32.000Z",
      "fileName": "applications/standard__LightningInstrumentation.app",
      "fullName": "standard__LightningInstrumentation",
      "id": "02uHu000003l9guIAA",
      "lastModifiedById": "005Hu00000SzKPgIAN",
      "lastModifiedByName": "OLD User",
      "lastModifiedDate": "2025-03-06T05:58:32.000Z",
      "manageableState": "unmanaged",
      "namespacePrefix": "standard",
      "type": "CustomApplication"
    },
    {
      "createdById": "005Hu00000SrqZhIAJ",
      "createdByName": "Tom Pallissery",
      "createdDate": "2025-03-06T05:58:32.000Z",
      "fileName": "applications/SDO_Marketing_App.app",
      "fullName": "SDO_Marketing_App",
      "id": "02uHu000003l9hpIAA",
      "lastModifiedById": "005Hu00000SrqZhIAJ",
      "lastModifiedByName": "Tom Pallissery",
      "lastModifiedDate": "2025-03-06T05:58:32.000Z",
      "manageableState": "unmanaged",
      "type": "CustomApplication"
    },
    {
      "createdById": "005Hu00000SzKPgIAN",
      "createdByName": "OLD User",
      "createdDate": "2025-03-06T05:58:32.000Z",
      "fileName": "applications/standard__OMConsole.app",
      "fullName": "standard__OMConsole",
      "id": "02uHu000003l9hSIAQ",
      "lastModifiedById": "005Hu00000SrqZhIAJ",
      "lastModifiedByName": "Tom Pallissery",
      "lastModifiedDate": "2025-03-06T05:58:32.000Z",
      "manageableState": "unmanaged",
      "namespacePrefix": "standard",
      "type": "CustomApplication"
    },
    {
      "createdById": "005Hu00000SzKPgIAN",
      "createdByName": "OLD User",
      "createdDate": "2025-03-06T07:14:10.000Z",
      "fileName": "applications/standard__MSJApp.app",
      "fullName": "standard__MSJApp",
      "id": "02uHu000003Zk7PIAS",
      "lastModifiedById": "005Hu00000SzKPgIAN",
      "lastModifiedByName": "OLD User",
      "lastModifiedDate": "2025-03-06T07:14:10.000Z",
      "manageableState": "unmanaged",
      "namespacePrefix": "standard",
      "type": "CustomApplication"
    },
    {
      "createdById": "005Hu00000SzKPgIAN",
      "createdByName": "OLD User",
      "createdDate": "2025-03-06T05:58:32.000Z",
      "fileName": "applications/standard__Insights.app",
      "fullName": "standard__Insights",
      "id": "02uHu000003l9haIAA",
      "lastModifiedById": "005Hu00000SzKPgIAN",
      "lastModifiedByName": "OLD User",
      "lastModifiedDate": "2025-03-06T05:58:32.000Z",
      "manageableState": "unmanaged",
      "namespacePrefix": "standard",
      "type": "CustomApplication"
    },
    {
      "createdById": "005Hu00000SrqZhIAJ",
      "createdByName": "Tom Pallissery",
      "createdDate": "2025-03-06T05:58:32.000Z",
      "fileName": "applications/SDO_Tool_Einstein_EMC.app",
      "fullName": "SDO_Tool_Einstein_EMC",
      "id": "02uHu000003l9htIAA",
      "lastModifiedById": "005Hu00000SrqZhIAJ",
      "lastModifiedByName": "Tom Pallissery",
      "lastModifiedDate": "2025-03-06T05:58:32.000Z",
      "manageableState": "unmanaged",
      "type": "CustomApplication"
    },
    {
      "createdById": "005Hu00000SrqZhIAJ",
      "createdByName": "Tom Pallissery",
      "createdDate": "2025-03-06T05:58:32.000Z",
      "fileName": "applications/SDO_Lightning_Scheduler_Console.app",
      "fullName": "SDO_Lightning_Scheduler_Console",
      "id": "02uHu000003l9hoIAA",
      "lastModifiedById": "005Hu00000SrqZhIAJ",
      "lastModifiedByName": "Tom Pallissery",
      "lastModifiedDate": "2025-03-06T05:58:32.000Z",
      "manageableState": "unmanaged",
      "type": "CustomApplication"
    },
    {
      "createdById": "005Hu00000SzKPgIAN",
      "createdByName": "OLD User",
      "createdDate": "2025-03-06T05:58:32.000Z",
      "fileName": "applications/standard__InvestigativeCaseManagement.app",
      "fullName": "standard__InvestigativeCaseManagement",
      "id": "02uHu000003l9ivIAA",
      "lastModifiedById": "005Hu00000SrqZhIAJ",
      "lastModifiedByName": "Tom Pallissery",
      "lastModifiedDate": "2025-03-06T05:58:32.000Z",
      "manageableState": "unmanaged",
      "namespacePrefix": "standard",
      "type": "CustomApplication"
    },
    {
      "createdById": "005Hu00000SzKPgIAN",
      "createdByName": "OLD User",
      "createdDate": "2025-03-06T05:58:32.000Z",
      "fileName": "applications/standard__LightningBolt.app",
      "fullName": "standard__LightningBolt",
      "id": "02uHu000003l9gzIAA",
      "lastModifiedById": "005Hu00000SzKPgIAN",
      "lastModifiedByName": "OLD User",
      "lastModifiedDate": "2025-03-06T05:58:32.000Z",
      "manageableState": "unmanaged",
      "namespacePrefix": "standard",
      "type": "CustomApplication"
    },
    {
      "createdById": "005Hu00000SrqZhIAJ",
      "createdByName": "Tom Pallissery",
      "createdDate": "2025-03-06T05:58:32.000Z",
      "fileName": "applications/SDO_Einstein_Prediction_Builder.app",
      "fullName": "SDO_Einstein_Prediction_Builder",
      "id": "02uHu000003l9hsIAA",
      "lastModifiedById": "005Hu00000SrqZhIAJ",
      "lastModifiedByName": "Tom Pallissery",
      "lastModifiedDate": "2025-03-06T05:58:32.000Z",
      "manageableState": "unmanaged",
      "type": "CustomApplication"
    },
    {
      "createdById": "005Hu00000SzKPgIAN",
      "createdByName": "OLD User",
      "createdDate": "2025-03-06T05:58:32.000Z",
      "fileName": "applications/standard__ExpressionSetConsole.app",
      "fullName": "standard__ExpressionSetConsole",
      "id": "02uHu000003l9hPIAQ",
      "lastModifiedById": "005Hu00000SzKPgIAN",
      "lastModifiedByName": "OLD User",
      "lastModifiedDate": "2025-03-06T05:58:32.000Z",
      "manageableState": "unmanaged",
      "namespacePrefix": "standard",
      "type": "CustomApplication"
    },
    {
      "createdById": "005Hu00000SrqZhIAJ",
      "createdByName": "Tom Pallissery",
      "createdDate": "2025-03-06T05:58:32.000Z",
      "fileName": "applications/qbranch__Q_Branch_Lightning.app",
      "fullName": "qbranch__Q_Branch_Lightning",
      "id": "02uHu000003l9gbIAA",
      "lastModifiedById": "005Hu00000SzKPsIAN",
      "lastModifiedByName": "QLabs_Utilities",
      "lastModifiedDate": "2025-03-06T05:58:32.000Z",
      "manageableState": "installed",
      "namespacePrefix": "qbranch",
      "type": "CustomApplication"
    },
    {
      "createdById": "005Hu00000SrqZhIAJ",
      "createdByName": "Tom Pallissery",
      "createdDate": "2025-03-06T05:58:32.000Z",
      "fileName": "applications/Public_Sector_Case_Mgmt.app",
      "fullName": "Public_Sector_Case_Mgmt",
      "id": "02uHu000003l9ghIAA",
      "lastModifiedById": "005Hu00000SrqZhIAJ",
      "lastModifiedByName": "Tom Pallissery",
      "lastModifiedDate": "2025-03-06T05:58:32.000Z",
      "manageableState": "unmanaged",
      "type": "CustomApplication"
    },
    {
      "createdById": "005Hu00000SrqZhIAJ",
      "createdByName": "Tom Pallissery",
      "createdDate": "2025-03-06T05:58:32.000Z",
      "fileName": "applications/einsteinplay__Einstein_Demo.app",
      "fullName": "einsteinplay__Einstein_Demo",
      "id": "02uHu000003l9hjIAA",
      "lastModifiedById": "005Hu00000SrqZhIAJ",
      "lastModifiedByName": "Tom Pallissery",
      "lastModifiedDate": "2025-03-06T05:58:32.000Z",
      "manageableState": "installed",
      "namespacePrefix": "einsteinplay",
      "type": "CustomApplication"
    },
    {
      "createdById": "005Hu00000SrqZhIAJ",
      "createdByName": "Tom Pallissery",
      "createdDate": "2025-03-06T05:58:32.000Z",
      "fileName": "applications/SDO_RevenueCloud_app.app",
      "fullName": "SDO_RevenueCloud_app",
      "id": "02uHu000003l9iCIAQ",
      "lastModifiedById": "005Hu00000SrqZhIAJ",
      "lastModifiedByName": "Tom Pallissery",
      "lastModifiedDate": "2025-03-06T05:58:32.000Z",
      "manageableState": "unmanaged",
      "type": "CustomApplication"
    },
    {
      "createdById": "005Hu00000SrqZhIAJ",
      "createdByName": "Tom Pallissery",
      "createdDate": "2025-03-06T05:58:32.000Z",
      "fileName": "applications/AnalyticsDemoTools.app",
      "fullName": "AnalyticsDemoTools",
      "id": "02uHu000003l9hqIAA",
      "lastModifiedById": "005Hu00000SrqZhIAJ",
      "lastModifiedByName": "Tom Pallissery",
      "lastModifiedDate": "2025-03-06T05:58:32.000Z",
      "manageableState": "unmanaged",
      "type": "CustomApplication"
    },
    {
      "createdById": "005Hu00000SzKPgIAN",
      "createdByName": "OLD User",
      "createdDate": "2025-03-06T05:58:32.000Z",
      "fileName": "applications/standard__DataManager.app",
      "fullName": "standard__DataManager",
      "id": "02uHu000003l9hbIAA",
      "lastModifiedById": "005Hu00000SzKPgIAN",
      "lastModifiedByName": "OLD User",
      "lastModifiedDate": "2025-03-06T05:58:32.000Z",
      "manageableState": "unmanaged",
      "namespacePrefix": "standard",
      "type": "CustomApplication"
    },
    {
      "createdById": "005Hu00000SrqZhIAJ",
      "createdByName": "Tom Pallissery",
      "createdDate": "2025-03-06T05:58:32.000Z",
      "fileName": "applications/P4SF_Standalone__Tableau_Insights.app",
      "fullName": "P4SF_Standalone__Tableau_Insights",
      "id": "02uHu000003l9imIAA",
      "lastModifiedById": "005Hu00000SrqZhIAJ",
      "lastModifiedByName": "Tom Pallissery",
      "lastModifiedDate": "2025-03-06T05:58:32.000Z",
      "manageableState": "installed",
      "namespacePrefix": "P4SF_Standalone",
      "type": "CustomApplication"
    }
  ]
}