{
  "status": 0,
  "result": [
    {
      "createdById": "005Hu00000SzKPgIAN",
      "createdByName": "OLD User",
      "createdDate": "2025-03-06T05:58:32.000Z",
      "fileName": "dashboards/CompanyDashboards",
      "fullName": "CompanyDashboards",
      "id": "00lHu000004mPCyIAM",
      "lastModifiedById": "005Hu00000SzKPgIAN",
      "lastModifiedByName": "OLD User",
      "lastModifiedDate": "2025-03-06T05:58:32.000Z",
      "manageableState": "unmanaged",
      "type": "DashboardFolder"
    },
    {
      "createdById": "005Hu00000SzKPoIAN",
      "createdByName": "Automated Process",
      "createdDate": "2025-03-06T05:58:32.000Z",
      "fileName": "dashboards/EinsteinConversationInsightsDashboards",
      "fullName": "EinsteinConversationInsightsDashboards",
      "id": "00lHu000004mPEHIA2",
      "lastModifiedById": "005Hu00000SzKPoIAN",
      "lastModifiedByName": "Automated Process",
      "lastModifiedDate": "2025-03-06T05:58:32.000Z",
      "manageableState": "unmanaged",
      "type": "DashboardFolder"
    },
    {
      "createdById": "005Hu00000SzKPoIAN",
      "createdByName": "Automated Process",
      "createdDate": "2025-03-06T05:58:32.000Z",
      "fileName": "dashboards/Enablement_Prm_sfdcSESv60",
      "fullName": "Enablement_Prm_sfdcSESv60",
      "id": "00lHu000004mPEnIAM",
      "lastModifiedById": "005Hu00000SzKPoIAN",
      "lastModifiedByName": "Automated Process",
      "lastModifiedDate": "2025-03-06T05:58:32.000Z",
      "manageableState": "unmanaged",
      "type": "DashboardFolder"
    },
    {
      "createdById": "005Hu00000SzKQ1IAN",
      "createdByName": "Sales Bot",
      "createdDate": "2025-03-06T05:58:32.000Z",
      "fileName": "dashboards/EmployeeServiceDashboard",
      "fullName": "EmployeeServiceDashboard",
      "id": "00lHu000004mPF5IAM",
      "lastModifiedById": "005Hu00000SzKRVIA3",
      "lastModifiedByName": "Einstein User",
      "lastModifiedDate": "2025-03-06T07:29:57.000Z",
      "manageableState": "unmanaged",
      "type": "DashboardFolder"
    },
    {
      "createdById": "005Hu00000SzKPoIAN",
      "createdByName": "Automated Process",
      "createdDate": "2025-03-06T05:58:32.000Z",
      "fileName": "dashboards/prm_spring24_dashboardsSPLIT1705131267290",
      "fullName": "prm_spring24_dashboardsSPLIT1705131267290",
      "id": "00lHu000004mPEkIAM",
      "lastModifiedById": "005Hu00000SzKPoIAN",
      "lastModifiedByName": "Automated Process",
      "lastModifiedDate": "2025-03-06T05:58:32.000Z",
      "manageableState": "unmanaged",
      "type": "DashboardFolder"
    },
    {
      "createdById": "005Hu00000SrqZhIAJ",
      "createdByName": "Tom Pallissery",
      "createdDate": "2025-03-06T05:58:32.000Z",
      "fileName": "dashboards/SDO_Marketing_Dashboard",
      "fullName": "SDO_Marketing_Dashboard",
      "id": "00lHu000004mPEFIA2",
      "lastModifiedById": "005Hu00000SrqZhIAJ",
      "lastModifiedByName": "Tom Pallissery",
      "lastModifiedDate": "2025-03-06T05:58:32.000Z",
      "manageableState": "unmanaged",
      "type": "DashboardFolder"
    },
    {
      "createdById": "005Hu00000SzKPoIAN",
      "createdByName": "Automated Process",
      "createdDate": "2025-03-06T05:58:32.000Z",
      "fileName": "dashboards/Enablement_sfdcSESv60",
      "fullName": "Enablement_sfdcSESv60",
      "id": "00lHu000004mPEpIAM",
      "lastModifiedById": "005Hu00000SzKPoIAN",
      "lastModifiedByName": "Automated Process",
      "lastModifiedDate": "2025-03-06T05:58:32.000Z",
      "manageableState": "unmanaged",
      "type": "DashboardFolder"
    },
    {
      "createdById": "005Hu00000SrqZhIAJ",
      "createdByName": "Tom Pallissery",
      "createdDate": "2025-03-06T05:58:32.000Z",
      "fileName": "dashboards/Knowledge_Dashboards",
      "fullName": "Knowledge_Dashboards",
      "id": "00lHu000004mPEPIA2",
      "lastModifiedById": "005Hu00000SrqZhIAJ",
      "lastModifiedByName": "Tom Pallissery",
      "lastModifiedDate": "2025-03-06T05:58:32.000Z",
      "manageableState": "unmanaged",
      "type": "DashboardFolder"
    },
    {
      "createdById": "005Hu00000SzKPoIAN",
      "createdByName": "Automated Process",
      "createdDate": "2025-03-06T05:58:32.000Z",
      "fileName": "dashboards/Enablement_Root_Prm_sfdcSES",
      "fullName": "Enablement_Root_Prm_sfdcSES",
      "id": "00lHu000004mPElIAM",
      "lastModifiedById": "005Hu00000SzKPoIAN",
      "lastModifiedByName": "Automated Process",
      "lastModifiedDate": "2025-03-06T05:58:32.000Z",
      "manageableState": "unmanaged",
      "type": "DashboardFolder"
    },
    {
      "createdById": "005Hu00000SzKPuIAN",
      "createdByName": "FSL",
      "createdDate": "2025-03-06T05:58:32.000Z",
      "fileName": "dashboards/FSL__FieldServiceWorkCapacityDashboards",
      "fullName": "FSL__FieldServiceWorkCapacityDashboards",
      "id": "00lHu000004mPEYIA2",
      "lastModifiedById": "005Hu00000SzKPuIAN",
      "lastModifiedByName": "FSL",
      "lastModifiedDate": "2025-03-06T05:58:32.000Z",
      "manageableState": "installed",
      "namespacePrefix": "FSL",
      "type": "DashboardFolder"
    },
    {
      "createdById": "005Hu00000SrqZhIAJ",
      "createdByName": "Tom Pallissery",
      "createdDate": "2025-03-06T05:58:32.000Z",
      "fileName": "dashboards/Channel_Management_Dashboard",
      "fullName": "Channel_Management_Dashboard",
      "id": "00lHu000004mPD7IAM",
      "lastModifiedById": "005Hu00000SrqZhIAJ",
      "lastModifiedByName": "Tom Pallissery",
      "lastModifiedDate": "2025-03-06T05:58:32.000Z",
      "manageableState": "unmanaged",
      "type": "DashboardFolder"
    },
    {
      "createdById": "005Hu00000SrqZhIAJ",
      "createdByName": "Tom Pallissery",
      "createdDate": "2025-03-06T05:58:32.000Z",
      "fileName": "dashboards/inov8__PMT",
      "fullName": "inov8__PMT",
      "id": "00lHu000004mPD0IAM",
      "lastModifiedById": "005Hu00000SrqZhIAJ",
      "lastModifiedByName": "Tom Pallissery",
      "lastModifiedDate": "2025-03-06T05:58:32.000Z",
      "manageableState": "installed",
      "namespacePrefix": "inov8",
      "type": "DashboardFolder"
    },
    {
      "createdById": "005Hu00000SrqZhIAJ",
      "createdByName": "Tom Pallissery",
      "createdDate": "2025-03-06T05:58:32.000Z",
      "fileName": "dashboards/SDO_OMS_OrderManagement_Dashboards",
      "fullName": "SDO_OMS_OrderManagement_Dashboards",
      "id": "00lHu000004mPDjIAM",
      "lastModifiedById": "005Hu00000SrqZhIAJ",
      "lastModifiedByName": "Tom Pallissery",
      "lastModifiedDate": "2025-03-06T05:58:32.000Z",
      "manageableState": "unmanaged",
      "type": "DashboardFolder"
    },
    {
      "createdById": "005Hu00000SzKPoIAN",
      "createdByName": "Automated Process",
      "createdDate": "2025-03-06T05:58:32.000Z",
      "fileName": "dashboards/Enablement_sfdcSESv59",
      "fullName": "Enablement_sfdcSESv59",
      "id": "00lHu000004mPESIA2",
      "lastModifiedById": "005Hu00000SzKPoIAN",
      "lastModifiedByName": "Automated Process",
      "lastModifiedDate": "2025-03-06T05:58:32.000Z",
      "manageableState": "unmanaged",
      "type": "DashboardFolder"
    },
    {
      "createdById": "005Hu00000SrqZhIAJ",
      "createdByName": "Tom Pallissery",
      "createdDate": "2025-03-06T05:58:32.000Z",
      "fileName": "dashboards/SDO_Community_Dashboards",
      "fullName": "SDO_Community_Dashboards",
      "id": "00lHu000004mPE8IAM",
      "lastModifiedById": "005Hu00000SrqZhIAJ",
      "lastModifiedByName": "Tom Pallissery",
      "lastModifiedDate": "2025-03-06T05:58:32.000Z",
      "manageableState": "unmanaged",
      "type": "DashboardFolder"
    },
    {
      "createdById": "005Hu00000SrqZhIAJ",
      "createdByName": "Tom Pallissery",
      "createdDate": "2025-03-06T05:58:32.000Z",
      "fileName": "dashboards/ca_collab_2_0__Lightning_Communities_Dashboards",
      "fullName": "ca_collab_2_0__Lightning_Communities_Dashboards",
      "id": "00lHu000004mPE6IAM",
      "lastModifiedById": "005Hu00000SrqZhIAJ",
      "lastModifiedByName": "Tom Pallissery",
      "lastModifiedDate": "2025-03-06T05:58:32.000Z",
      "manageableState": "installed",
      "namespacePrefix": "ca_collab_2_0",
      "type": "DashboardFolder"
    },
    {
      "createdById": "005Hu00000SzKPoIAN",
      "createdByName": "Automated Process",
      "createdDate": "2025-03-06T05:58:32.000Z",
      "fileName": "dashboards/prm_ch_dashboards_sub_folder",
      "fullName": "prm_ch_dashboards_sub_folder",
      "id": "00lHu000004mPEhIAM",
      "lastModifiedById": "005Hu00000SzKPoIAN",
      "lastModifiedByName": "Automated Process",
      "lastModifiedDate": "2025-03-06T05:58:32.000Z",
      "manageableState": "unmanaged",
      "type": "DashboardFolder"
    },
    {
      "createdById": "005Hu00000SzKPoIAN",
      "createdByName": "Automated Process",
      "createdDate": "2025-03-06T05:58:32.000Z",
      "fileName": "dashboards/Enablement_Prm_sfdcSESv61",
      "fullName": "Enablement_Prm_sfdcSESv61",
      "id": "00lHu000004mPEzIAM",
      "lastModifiedById": "005Hu00000SzKPoIAN",
      "lastModifiedByName": "Automated Process",
      "lastModifiedDate": "2025-03-06T05:58:32.000Z",
      "manageableState": "unmanaged",
      "type": "DashboardFolder"
    },
    {
      "createdById": "005Hu00000SrqZhIAJ",
      "createdByName": "Tom Pallissery",
      "createdDate": "2025-03-06T05:58:32.000Z",
      "fileName": "dashboards/SDO_Sales_Dashboards",
      "fullName": "SDO_Sales_Dashboards",
      "id": "00lHu000004mPD8IAM",
      "lastModifiedById": "005Hu00000SrqZhIAJ",
      "lastModifiedByName": "Tom Pallissery",
      "lastModifiedDate": "2025-03-06T05:58:32.000Z",
      "manageableState": "unmanaged",
      "type": "DashboardFolder"
    },
    {
      "createdById": "005Hu00000SzKPuIAN",
      "createdByName": "FSL",
      "createdDate": "2025-03-06T05:58:32.000Z",
      "fileName": "dashboards/FSL__FieldServiceCopilotDashboards",
      "fullName": "FSL__FieldServiceCopilotDashboards",
      "id": "00lHu000004mPF4IAM",
      "lastModifiedById": "005Hu00000SzKPuIAN",
      "lastModifiedByName": "FSL",
      "lastModifiedDate": "2025-03-06T05:58:32.000Z",
      "manageableState": "installed",
      "namespacePrefix": "FSL",
      "type": "DashboardFolder"
    },
    {
      "createdById": "005Hu00000SzKPoIAN",
      "createdByName": "Automated Process",
      "createdDate": "2025-03-06T05:58:32.000Z",
      "fileName": "dashboards/CRM_180925_HVS_Sample_Dashboard_Folder",
      "fullName": "CRM_180925_HVS_Sample_Dashboard_Folder",
      "id": "00lHu000004mPDJIA2",
      "lastModifiedById": "005Hu00000SzKPoIAN",
      "lastModifiedByName": "Automated Process",
      "lastModifiedDate": "2025-03-06T05:58:32.000Z",
      "manageableState": "unmanaged",
      "type": "DashboardFolder"
    },
    {
      "createdById": "005Hu00000SrqZhIAJ",
      "createdByName": "Tom Pallissery",
      "createdDate": "2025-03-06T05:58:32.000Z",
      "fileName": "dashboards/imdashboard__IncidentManagementDashboards",
      "fullName": "imdashboard__IncidentManagementDashboards",
      "id": "00lHu000004mPDPIA2",
      "lastModifiedById": "005Hu00000SrqZhIAJ",
      "lastModifiedByName": "Tom Pallissery",
      "lastModifiedDate": "2025-03-06T05:58:32.000Z",
      "manageableState": "installed",
      "namespacePrefix": "imdashboard",
      "type": "DashboardFolder"
    },
    {
      "createdById": "005Hu00000SrqZhIAJ",
      "createdByName": "Tom Pallissery",
      "createdDate": "2025-03-06T05:58:32.000Z",
      "fileName": "dashboards/tspa__VisualRemoteAssistant",
      "fullName": "tspa__VisualRemoteAssistant",
      "id": "00lHu000004mPEIIA2",
      "lastModifiedById": "005Hu00000SrqZhIAJ",
      "lastModifiedByName": "Tom Pallissery",
      "lastModifiedDate": "2025-03-06T05:58:32.000Z",
      "manageableState": "installed",
      "namespacePrefix": "tspa",
      "type": "DashboardFolder"
    },
    {
      "createdById": "005Hu00000SrqZhIAJ",
      "createdByName": "Tom Pallissery",
      "createdDate": "2025-03-06T05:58:32.000Z",
      "fileName": "dashboards/SDO_Service_Dashboards",
      "fullName": "SDO_Service_Dashboards",
      "id": "00lHu000004mPDRIA2",
      "lastModifiedById": "005Hu00000SrqZhIAJ",
      "lastModifiedByName": "Tom Pallissery",
      "lastModifiedDate": "2025-03-06T05:58:32.000Z",
      "manageableState": "unmanaged",
      "type": "DashboardFolder"
    },
    {
      "createdById": "005Hu00000SrqZhIAJ",
      "createdByName": "Tom Pallissery",
      "createdDate": "2025-03-06T05:58:32.000Z",
      "fileName": "dashboards/SDO_Maps_Dashboards",
      "fullName": "SDO_Maps_Dashboards",
      "id": "00lHu000004mPDGIA2",
      "lastModifiedById": "005Hu00000SrqZhIAJ",
      "lastModifiedByName": "Tom Pallissery",
      "lastModifiedDate": "2025-03-06T05:58:32.000Z",
      "manageableState": "unmanaged",
      "type": "DashboardFolder"
    },
    {
      "createdById": "005Hu00000SzKPoIAN",
      "createdByName": "Automated Process",
      "createdDate": "2025-03-06T05:58:32.000Z",
      "fileName": "dashboards/Enablement_sfdcSESv57",
      "fullName": "Enablement_sfdcSESv57",
      "id": "00lHu000004mPECIA2",
      "lastModifiedById": "005Hu00000SzKPoIAN",
      "lastModifiedByName": "Automated Process",
      "lastModifiedDate": "2025-03-06T05:58:32.000Z",
      "manageableState": "unmanaged",
      "type": "DashboardFolder"
    },
    {
      "createdById": "005Hu00000SrqZhIAJ",
      "createdByName": "Tom Pallissery",
      "createdDate": "2025-03-06T05:58:32.000Z",
      "fileName": "dashboards/SDO_SFS_Dashboards",
      "fullName": "SDO_SFS_Dashboards",
      "id": "00lHu000004mPEQIA2",
      "lastModifiedById": "005Hu00000SrqZhIAJ",
      "lastModifiedByName": "Tom Pallissery",
      "lastModifiedDate": "2025-03-06T05:58:32.000Z",
      "manageableState": "unmanaged",
      "type": "DashboardFolder"
    },
    {
      "createdById": "005Hu00000SrqZhIAJ",
      "createdByName": "Tom Pallissery",
      "createdDate": "2025-03-06T05:58:32.000Z",
      "fileName": "dashboards/ca_collab_2_0__Chatter_Dashboards",
      "fullName": "ca_collab_2_0__Chatter_Dashboards",
      "id": "00lHu000004mPE4IAM",
      "lastModifiedById": "005Hu00000SrqZhIAJ",
      "lastModifiedByName": "Tom Pallissery",
      "lastModifiedDate": "2025-03-06T05:58:32.000Z",
      "manageableState": "installed",
      "namespacePrefix": "ca_collab_2_0",
      "type": "DashboardFolder"
    },
    {
      "createdById": "005Hu00000SrqZhIAJ",
      "createdByName": "Tom Pallissery",
      "createdDate": "2025-03-06T05:58:32.000Z",
      "fileName": "dashboards/CommerceDashboards",
      "fullName": "CommerceDashboards",
      "id": "00lHu000004mPF0IAM",
      "lastModifiedById": "005Hu00000SrqZhIAJ",
      "lastModifiedByName": "Tom Pallissery",
      "lastModifiedDate": "2025-03-06T05:58:32.000Z",
      "manageableState": "unmanaged",
      "type": "DashboardFolder"
    },
    {
      "createdById": "005Hu00000SrqZhIAJ",
      "createdByName": "Tom Pallissery",
      "createdDate": "2025-03-06T05:58:32.000Z",
      "fileName": "dashboards/Grantmaking",
      "fullName": "Grantmaking",
      "id": "00lHu000004mPEqIAM",
      "lastModifiedById": "005Hu00000SrqZhIAJ",
      "lastModifiedByName": "Tom Pallissery",
      "lastModifiedDate": "2025-03-06T05:58:32.000Z",
      "manageableState": "unmanaged",
      "type": "DashboardFolder"
    },
    {
      "createdById": "005Hu00000SrqZhIAJ",
      "createdByName": "Tom Pallissery",
      "createdDate": "2025-03-06T05:58:32.000Z",
      "fileName": "dashboards/SDO_Scheduler_Dashboards",
      "fullName": "SDO_Scheduler_Dashboards",
      "id": "00lHu000004mPDYIA2",
      "lastModifiedById": "005Hu00000SrqZhIAJ",
      "lastModifiedByName": "Tom Pallissery",
      "lastModifiedDate": "2025-03-06T05:58:32.000Z",
      "manageableState": "unmanaged",
      "type": "DashboardFolder"
    },
    {
      "createdById": "005Hu00000SzKPoIAN",
      "createdByName": "Automated Process",
      "createdDate": "2025-03-06T05:58:32.000Z",
      "fileName": "dashboards/prm_winter24_dashboardsSPLIT1705131267290",
      "fullName": "prm_winter24_dashboardsSPLIT1705131267290",
      "id": "00lHu000004mPEiIAM",
      "lastModifiedById": "005Hu00000SzKPoIAN",
      "lastModifiedByName": "Automated Process",
      "lastModifiedDate": "2025-03-06T05:58:32.000Z",
      "manageableState": "unmanaged",
      "type": "DashboardFolder"
    },
    {
      "createdById": "005Hu00000SrqZhIAJ",
      "createdByName": "Tom Pallissery",
      "createdDate": "2025-03-06T05:58:32.000Z",
      "fileName": "dashboards/DEDashboards04t5e000000lZx2",
      "fullName": "DEDashboards04t5e000000lZx2",
      "id": "00lHu000004mPDNIA2",
      "lastModifiedById": "005Hu00000SrqZhIAJ",
      "lastModifiedByName": "Tom Pallissery",
      "lastModifiedDate": "2025-03-06T05:58:32.000Z",
      "manageableState": "unmanaged",
      "type": "DashboardFolder"
    },
    {
      "createdById": "005Hu00000SrqZhIAJ",
      "createdByName": "Tom Pallissery",
      "createdDate": "2025-03-06T05:58:32.000Z",
      "fileName": "dashboards/SDO_B2BCommerce_Dashboards",
      "fullName": "SDO_B2BCommerce_Dashboards",
      "id": "00lHu000004mPDhIAM",
      "lastModifiedById": "005Hu00000SrqZhIAJ",
      "lastModifiedByName": "Tom Pallissery",
      "lastModifiedDate": "2025-03-06T05:58:32.000Z",
      "manageableState": "unmanaged",
      "type": "DashboardFolder"
    },
    {
      "createdById": "005Hu00000SrqZhIAJ",
      "createdByName": "Tom Pallissery",
      "createdDate": "2025-03-06T05:58:32.000Z",
      "fileName": "dashboards/FSL_Dashboards",
      "fullName": "FSL_Dashboards",
      "id": "00lHu000004mPDTIA2",
      "lastModifiedById": "005Hu00000SrqZhIAJ",
      "lastModifiedByName": "Tom Pallissery",
      "lastModifiedDate": "2025-03-06T05:58:32.000Z",
      "manageableState": "unmanaged",
      "type": "DashboardFolder"
    },
    {
      "createdById": "005Hu00000SrqZhIAJ",
      "createdByName": "Tom Pallissery",
      "createdDate": "2025-03-06T05:58:32.000Z",
      "fileName": "dashboards/ca_collab_2_0__Communities_Dashboards",
      "fullName": "ca_collab_2_0__Communities_Dashboards",
      "id": "00lHu000004mPE5IAM",
      "lastModifiedById": "005Hu00000SrqZhIAJ",
      "lastModifiedByName": "Tom Pallissery",
      "lastModifiedDate": "2025-03-06T05:58:32.000Z",
      "manageableState": "installed",
      "namespacePrefix": "ca_collab_2_0",
      "type": "DashboardFolder"
    },
    {
      "createdById": "005Hu00000SzKPoIAN",
      "createdByName": "Automated Process",
      "createdDate": "2025-03-06T05:58:32.000Z",
      "fileName": "dashboards/Enablement_sfdcSESv56",
      "fullName": "Enablement_sfdcSESv56",
      "id": "00lHu000004mPD2IAM",
      "lastModifiedById": "005Hu00000SzKPoIAN",
      "lastModifiedByName": "Automated Process",
      "lastModifiedDate": "2025-03-06T05:58:32.000Z",
      "manageableState": "unmanaged",
      "type": "DashboardFolder"
    },
    {
      "createdById": "005Hu00000SzKPoIAN",
      "createdByName": "Automated Process",
      "createdDate": "2025-03-06T05:58:32.000Z",
      "fileName": "dashboards/Enablement_sfdcSESv61",
      "fullName": "Enablement_sfdcSESv61",
      "id": "00lHu000004mPExIAM",
      "lastModifiedById": "005Hu00000SzKPoIAN",
      "lastModifiedByName": "Automated Process",
      "lastModifiedDate": "2025-03-06T05:58:32.000Z",
      "manageableState": "unmanaged",
      "type": "DashboardFolder"
    },
    {
      "createdById": "005Hu00000SzKPoIAN",
      "createdByName": "Automated Process",
      "createdDate": "2025-03-06T05:58:32.000Z",
      "fileName": "dashboards/prm_channel_dashboard_folder",
      "fullName": "prm_channel_dashboard_folder",
      "id": "00lHu000004mPEXIA2",
      "lastModifiedById": "005Hu00000SzKPoIAN",
      "lastModifiedByName": "Automated Process",
      "lastModifiedDate": "2025-03-06T05:58:32.000Z",
      "manageableState": "unmanaged",
      "type": "DashboardFolder"
    },
    {
      "createdById": "005Hu00000SrqZhIAJ",
      "createdByName": "Tom Pallissery",
      "createdDate": "2025-03-12T06:33:09.000Z",
      "fileName": "dashboards/ProgramManagerDashboardfolder",
      "fullName": "ProgramManagerDashboardfolder",
      "id": "00lHu000003xpmxIAA",
      "lastModifiedById": "005Hu00000SrqZhIAJ",
      "lastModifiedByName": "Tom Pallissery",
      "lastModifiedDate": "2025-03-12T06:33:09.000Z",
      "manageableState": "unmanaged",
      "type": "DashboardFolder"
    },
    {
      "createdById": "005Hu00000SrqZhIAJ",
      "createdByName": "Tom Pallissery",
      "createdDate": "2025-03-10T15:51:35.000Z",
      "fileName": "dashboards/VBDStaffDashboards",
      "fullName": "VBDStaffDashboards",
      "id": "00lHu000003xnl4IAA",
      "lastModifiedById": "005Hu00000SrqZhIAJ",
      "lastModifiedByName": "Tom Pallissery",
      "lastModifiedDate": "2025-03-10T15:51:35.000Z",
      "manageableState": "unmanaged",
      "type": "DashboardFolder"
    },
    {
      "createdById": "005Hu00000SzKPoIAN",
      "createdByName": "Automated Process",
      "createdDate": "2025-03-06T05:58:32.000Z",
      "fileName": "dashboards/Enablement_sfdcSESv58",
      "fullName": "Enablement_sfdcSESv58",
      "id": "00lHu000004mPEKIA2",
      "lastModifiedById": "005Hu00000SzKPoIAN",
      "lastModifiedByName": "Automated Process",
      "lastModifiedDate": "2025-03-06T05:58:32.000Z",
      "manageableState": "unmanaged",
      "type": "DashboardFolder"
    },
    {
      "createdById": "005Hu00000SzKPoIAN",
      "createdByName": "Automated Process",
      "createdDate": "2025-03-06T05:58:32.000Z",
      "fileName": "dashboards/LeadInsightsDashboards",
      "fullName": "LeadInsightsDashboards",
      "id": "00lHu000004mPDWIA2",
      "lastModifiedById": "005Hu00000SzKPoIAN",
      "lastModifiedByName": "Automated Process",
      "lastModifiedDate": "2025-03-06T05:58:32.000Z",
      "manageableState": "unmanaged",
      "type": "DashboardFolder"
    },
    {
      "createdById": "005Hu00000SrqZhIAJ",
      "createdByName": "Tom Pallissery",
      "createdDate": "2025-03-06T05:58:32.000Z",
      "fileName": "dashboards/SDO_CEODashboard",
      "fullName": "SDO_CEODashboard",
      "id": "00lHu000004mPEGIA2",
      "lastModifiedById": "005Hu00000SrqZhIAJ",
      "lastModifiedByName": "Tom Pallissery",
      "lastModifiedDate": "2025-03-06T05:58:32.000Z",
      "manageableState": "unmanaged",
      "type": "DashboardFolder"
    },
    {
      "createdById": "005Hu00000SrqZhIAJ",
      "createdByName": "Tom Pallissery",
      "createdDate": "2025-03-10T10:22:49.000Z",
      "fileName": "dashboards/VCBProgramManagerDashboards",
      "fullName": "VCBProgramManagerDashboards",
      "id": "00lHu000003xnVYIAY",
      "lastModifiedById": "005Hu00000SrqZhIAJ",
      "lastModifiedByName": "Tom Pallissery",
      "lastModifiedDate": "2025-03-10T10:22:49.000Z",
      "manageableState": "unmanaged",
      "type": "DashboardFolder"
    }
  ]
}