{
  "status": 0,
  "result": [
    {
      "createdById": "005Hu00000SrqZhIAJ",
      "createdByName": "Tom Pallissery",
      "createdDate": "2025-03-06T05:58:32.000Z",
      "fileName": "email/SDO_Internal_Notifications",
      "fullName": "SDO_Internal_Notifications",
      "id": "00lHu000004mPFFIA2",
      "lastModifiedById": "005Hu00000SrqZhIAJ",
      "lastModifiedByName": "Tom Pallissery",
      "lastModifiedDate": "2025-03-06T05:58:32.000Z",
      "manageableState": "unmanaged",
      "type": "EmailFolder"
    },
    {
      "createdById": "005Hu00000SrqZhIAJ",
      "createdByName": "Tom Pallissery",
      "createdDate": "2025-03-06T05:58:32.000Z",
      "fileName": "email/tspa__SelfImageUploaderLinkTemplates",
      "fullName": "tspa__SelfImageUploaderLinkTemplates",
      "id": "00lHu000004mPFTIA2",
      "lastModifiedById": "005Hu00000SrqZhIAJ",
      "lastModifiedByName": "Tom Pallissery",
      "lastModifiedDate": "2025-03-06T05:58:32.000Z",
      "manageableState": "installed",
      "namespacePrefix": "tspa",
      "type": "EmailFolder"
    },
    {
      "createdById": "005Hu00000SrqZhIAJ",
      "createdByName": "Tom Pallissery",
      "createdDate": "2025-03-06T05:58:32.000Z",
      "fileName": "email/SDO_Service_Entitlement_Milestone",
      "fullName": "SDO_Service_Entitlement_Milestone",
      "id": "00lHu000004mPFGIA2",
      "lastModifiedById": "005Hu00000SrqZhIAJ",
      "lastModifiedByName": "Tom Pallissery",
      "lastModifiedDate": "2025-03-06T05:58:32.000Z",
      "manageableState": "unmanaged",
      "type": "EmailFolder"
    },
    {
      "createdById": "005Hu00000SrqZhIAJ",
      "createdByName": "Tom Pallissery",
      "createdDate": "1970-01-01T00:00:00.000Z",
      "fileName": "unfiled$public",
      "fullName": "unfiled$public",
      "id": "",
      "lastModifiedById": "005Hu00000SrqZhIAJ",
      "lastModifiedByName": "Tom Pallissery",
      "lastModifiedDate": "1970-01-01T00:00:00.000Z",
      "manageableState": "unmanaged",
      "namespacePrefix": "",
      "type": "EmailFolder"
    },
    {
      "createdById": "005Hu00000SrqZhIAJ",
      "createdByName": "Tom Pallissery",
      "createdDate": "2025-03-06T05:58:32.000Z",
      "fileName": "email/tsaa__Lobby_Email_Templates",
      "fullName": "tsaa__Lobby_Email_Templates",
      "id": "00lHu000004mPF7IAM",
      "lastModifiedById": "005Hu00000SrqZhIAJ",
      "lastModifiedByName": "Tom Pallissery",
      "lastModifiedDate": "2025-03-06T05:58:32.000Z",
      "manageableState": "installed",
      "namespacePrefix": "tsaa",
      "type": "EmailFolder"
    },
    {
      "createdById": "005Hu00000SrqZhIAJ",
      "createdByName": "Tom Pallissery",
      "createdDate": "2025-03-06T05:58:32.000Z",
      "fileName": "email/FSSK__FSL_Starter_kit",
      "fullName": "FSSK__FSL_Starter_kit",
      "id": "00lHu000004mPF8IAM",
      "lastModifiedById": "005Hu00000SrqZhIAJ",
      "lastModifiedByName": "Tom Pallissery",
      "lastModifiedDate": "2025-03-06T05:58:32.000Z",
      "manageableState": "installed",
      "namespacePrefix": "FSSK",
      "type": "EmailFolder"
    },
    {
      "createdById": "005Hu00000SrqZhIAJ",
      "createdByName": "Tom Pallissery",
      "createdDate": "2025-03-06T05:58:32.000Z",
      "fileName": "email/maps__AdvRoute",
      "fullName": "maps__AdvRoute",
      "id": "00lHu000004mPFYIA2",
      "lastModifiedById": "005Hu00000SrqZhIAJ",
      "lastModifiedByName": "Tom Pallissery",
      "lastModifiedDate": "2025-03-06T05:58:32.000Z",
      "manageableState": "installed",
      "namespacePrefix": "maps",
      "type": "EmailFolder"
    },
    {
      "createdById": "005Hu00000SrqZhIAJ",
      "createdByName": "Tom Pallissery",
      "createdDate": "2025-03-06T05:58:32.000Z",
      "fileName": "email/SDO_Service_Templates",
      "fullName": "SDO_Service_Templates",
      "id": "00lHu000004mPFHIA2",
      "lastModifiedById": "005Hu00000SrqZhIAJ",
      "lastModifiedByName": "Tom Pallissery",
      "lastModifiedDate": "2025-03-06T05:58:32.000Z",
      "manageableState": "unmanaged",
      "type": "EmailFolder"
    },
    {
      "createdById": "005Hu00000SrqZhIAJ",
      "createdByName": "Tom Pallissery",
      "createdDate": "2025-03-06T05:58:32.000Z",
      "fileName": "email/et4ae5__ExactTarget",
      "fullName": "et4ae5__ExactTarget",
      "id": "00lHu000004mPFaIAM",
      "lastModifiedById": "005Hu00000SrqZhIAJ",
      "lastModifiedByName": "Tom Pallissery",
      "lastModifiedDate": "2025-03-06T05:58:32.000Z",
      "manageableState": "installed",
      "namespacePrefix": "et4ae5",
      "type": "EmailFolder"
    }
  ]
}