{
  "status": 0,
  "result": [
    {
      "createdById": "005Hu00000SrqZhIAJ",
      "createdByName": "Tom Pallissery",
      "createdDate": "2025-03-06T05:58:32.000Z",
      "fileName": "experiences/SDO_Consumer1",
      "fullName": "SDO_Consumer1",
      "id": "0DMHu0000018Yf4OAE",
      "lastModifiedById": "005Hu00000SrqZhIAJ",
      "lastModifiedByName": "Tom Pallissery",
      "lastModifiedDate": "2025-03-06T05:58:32.000Z",
      "type": "ExperienceBundle"
    },
    {
      "createdById": "005Hu00000SrqZhIAJ",
      "createdByName": "Tom Pallissery",
      "createdDate": "2025-03-06T05:58:32.000Z",
      "fileName": "experiences/Grantmaking1",
      "fullName": "Grantmaking1",
      "id": "0DMHu0000018Yf3OAE",
      "lastModifiedById": "005Hu00000SrqZhIAJ",
      "lastModifiedByName": "Tom Pallissery",
      "lastModifiedDate": "2025-03-06T05:58:32.000Z",
      "type": "ExperienceBundle"
    },
    {
      "createdById": "005Hu00000SrqZhIAJ",
      "createdByName": "Tom Pallissery",
      "createdDate": "2025-03-06T05:58:32.000Z",
      "fileName": "experiences/Justice_Portal1",
      "fullName": "Justice_Portal1",
      "id": "0DMHu0000018YfBOAU",
      "lastModifiedById": "005Hu00000SrqZhIAJ",
      "lastModifiedByName": "Tom Pallissery",
      "lastModifiedDate": "2025-03-06T05:58:32.000Z",
      "type": "ExperienceBundle"
    },
    {
      "createdById": "005Hu00000SrqZhIAJ",
      "createdByName": "Tom Pallissery",
      "createdDate": "2025-03-06T05:58:32.000Z",
      "fileName": "experiences/OldProf31",
      "fullName": "OldProf31",
      "id": "0DMHu0000018Yf5OAE",
      "lastModifiedById": "005Hu00000SrqZhIAJ",
      "lastModifiedByName": "Tom Pallissery",
      "lastModifiedDate": "2025-03-06T05:58:32.000Z",
      "type": "ExperienceBundle"
    },
    {
      "createdById": "005Hu00000SrqZhIAJ",
      "createdByName": "Tom Pallissery",
      "createdDate": "2025-03-06T05:58:32.000Z",
      "fileName": "experiences/GPS_Chat_Pack_Test1",
      "fullName": "GPS_Chat_Pack_Test1",
      "id": "0DMHu0000018Yf7OAE",
      "lastModifiedById": "005Hu00000SrqZhIAJ",
      "lastModifiedByName": "Tom Pallissery",
      "lastModifiedDate": "2025-03-06T05:58:32.000Z",
      "type": "ExperienceBundle"
    },
    {
      "createdById": "005Hu00000SrqZhIAJ",
      "createdByName": "Tom Pallissery",
      "createdDate": "2025-03-06T05:58:32.000Z",
      "fileName": "experiences/OldPartner11",
      "fullName": "OldPartner11",
      "id": "0DMHu0000018YexOAE",
      "lastModifiedById": "005Hu00000SrqZhIAJ",
      "lastModifiedByName": "Tom Pallissery",
      "lastModifiedDate": "2025-03-06T05:58:32.000Z",
      "type": "ExperienceBundle"
    },
    {
      "createdById": "005Hu00000SrqZhIAJ",
      "createdByName": "Tom Pallissery",
      "createdDate": "2025-03-06T05:58:32.000Z",
      "fileName": "experiences/SDO_Professional1",
      "fullName": "SDO_Professional1",
      "id": "0DMHu0000018YfEOAU",
      "lastModifiedById": "005Hu00000SrqZhIAJ",
      "lastModifiedByName": "Tom Pallissery",
      "lastModifiedDate": "2025-03-06T05:58:32.000Z",
      "type": "ExperienceBundle"
    },
    {
      "createdById": "005Hu00000SrqZhIAJ",
      "createdByName": "Tom Pallissery",
      "createdDate": "2025-03-06T05:58:32.000Z",
      "fileName": "experiences/Do_Not_Use_SDO_B2B_Commerce1",
      "fullName": "Do_Not_Use_SDO_B2B_Commerce1",
      "id": "0DMHu0000018Yf8OAE",
      "lastModifiedById": "005Hu00000SrqZhIAJ",
      "lastModifiedByName": "Tom Pallissery",
      "lastModifiedDate": "2025-03-06T05:58:32.000Z",
      "type": "ExperienceBundle"
    },
    {
      "createdById": "005Hu00000SrqZhIAJ",
      "createdByName": "Tom Pallissery",
      "createdDate": "2025-03-06T05:58:32.000Z",
      "fileName": "experiences/Access_Benefits1",
      "fullName": "Access_Benefits1",
      "id": "0DMHu0000018YeyOAE",
      "lastModifiedById": "005Hu00000SrqZhIAJ",
      "lastModifiedByName": "Tom Pallissery",
      "lastModifiedDate": "2025-03-06T05:58:32.000Z",
      "type": "ExperienceBundle"
    },
    {
      "createdById": "005Hu00000SrqZhIAJ",
      "createdByName": "Tom Pallissery",
      "createdDate": "2025-03-06T05:58:32.000Z",
      "fileName": "experiences/Recruitment_Employee1",
      "fullName": "Recruitment_Employee1",
      "id": "0DMHu0000018YfDOAU",
      "lastModifiedById": "005Hu00000SrqZhIAJ",
      "lastModifiedByName": "Tom Pallissery",
      "lastModifiedDate": "2025-03-06T05:58:32.000Z",
      "type": "ExperienceBundle"
    },
    {
      "createdById": "005Hu00000SrqZhIAJ",
      "createdByName": "Tom Pallissery",
      "createdDate": "2025-03-06T05:58:32.000Z",
      "fileName": "experiences/sfpwebhook1",
      "fullName": "sfpwebhook1",
      "id": "0DMHu0000018YfFOAU",
      "lastModifiedById": "005Hu00000SrqZhIAJ",
      "lastModifiedByName": "Tom Pallissery",
      "lastModifiedDate": "2025-03-06T05:58:32.000Z",
      "type": "ExperienceBundle"
    },
    {
      "createdById": "005Hu00000SrqZhIAJ",
      "createdByName": "Tom Pallissery",
      "createdDate": "2025-03-06T05:58:32.000Z",
      "fileName": "experiences/Do_Not_Use_SDO_Commerce_for_B2B2C1",
      "fullName": "Do_Not_Use_SDO_Commerce_for_B2B2C1",
      "id": "0DMHu0000018Yf6OAE",
      "lastModifiedById": "005Hu00000SrqZhIAJ",
      "lastModifiedByName": "Tom Pallissery",
      "lastModifiedDate": "2025-03-06T05:58:32.000Z",
      "type": "ExperienceBundle"
    },
    {
      "createdById": "005Hu00000SrqZhIAJ",
      "createdByName": "Tom Pallissery",
      "createdDate": "2025-03-06T05:58:32.000Z",
      "fileName": "experiences/Service_Provider_Portal1",
      "fullName": "Service_Provider_Portal1",
      "id": "0DMHu0000018YfAOAU",
      "lastModifiedById": "005Hu00000SrqZhIAJ",
      "lastModifiedByName": "Tom Pallissery",
      "lastModifiedDate": "2025-03-06T05:58:32.000Z",
      "type": "ExperienceBundle"
    },
    {
      "createdById": "005Hu00000SrqZhIAJ",
      "createdByName": "Tom Pallissery",
      "createdDate": "2025-03-06T05:58:32.000Z",
      "fileName": "experiences/Emergency_Response_Management1",
      "fullName": "Emergency_Response_Management1",
      "id": "0DMHu0000018Yf0OAE",
      "lastModifiedById": "005Hu00000SrqZhIAJ",
      "lastModifiedByName": "Tom Pallissery",
      "lastModifiedDate": "2025-03-06T05:58:32.000Z",
      "type": "ExperienceBundle"
    },
    {
      "createdById": "005Hu00000SrqZhIAJ",
      "createdByName": "Tom Pallissery",
      "createdDate": "2025-03-06T05:58:32.000Z",
      "fileName": "experiences/Recruitment_Applicant1",
      "fullName": "Recruitment_Applicant1",
      "id": "0DMHu0000018YfCOAU",
      "lastModifiedById": "005Hu00000SrqZhIAJ",
      "lastModifiedByName": "Tom Pallissery",
      "lastModifiedDate": "2025-03-06T05:58:32.000Z",
      "type": "ExperienceBundle"
    },
    {
      "createdById": "005Hu00000SrqZhIAJ",
      "createdByName": "Tom Pallissery",
      "createdDate": "2025-03-06T05:58:32.000Z",
      "fileName": "experiences/SDO_B2B_Commerce_Enhanced1",
      "fullName": "SDO_B2B_Commerce_Enhanced1",
      "id": "0DMHu0000018YfIOAU",
      "lastModifiedById": "005Hu00000SrqZhIAJ",
      "lastModifiedByName": "Tom Pallissery",
      "lastModifiedDate": "2025-03-06T05:58:32.000Z",
      "type": "ExperienceBundle"
    },
    {
      "createdById": "005Hu00000SrqZhIAJ",
      "createdByName": "Tom Pallissery",
      "createdDate": "2025-03-06T09:57:25.000Z",
      "fileName": "experiences/Veterans_Bonus_Claims1",
      "fullName": "Veterans_Bonus_Claims1",
      "id": "0DMHu000000IhisOAC",
      "lastModifiedById": "005Hu00000SrqZhIAJ",
      "lastModifiedByName": "Tom Pallissery",
      "lastModifiedDate": "2025-03-07T12:02:31.000Z",
      "type": "ExperienceBundle"
    },
    {
      "createdById": "005Hu00000SrqZhIAJ",
      "createdByName": "Tom Pallissery",
      "createdDate": "2025-03-06T05:58:32.000Z",
      "fileName": "experiences/GPS_EmergencyResponseManagement1",
      "fullName": "GPS_EmergencyResponseManagement1",
      "id": "0DMHu0000018Yf1OAE",
      "lastModifiedById": "005Hu00000SrqZhIAJ",
      "lastModifiedByName": "Tom Pallissery",
      "lastModifiedDate": "2025-03-06T05:58:32.000Z",
      "type": "ExperienceBundle"
    },
    {
      "createdById": "005Hu00000SrqZhIAJ",
      "createdByName": "Tom Pallissery",
      "createdDate": "2025-03-06T05:58:32.000Z",
      "fileName": "experiences/Constituent_Self_Service1",
      "fullName": "Constituent_Self_Service1",
      "id": "0DMHu0000018YezOAE",
      "lastModifiedById": "005Hu00000SzKPpIAN",
      "lastModifiedByName": "Lauren C",
      "lastModifiedDate": "2025-03-06T05:58:32.000Z",
      "type": "ExperienceBundle"
    },
    {
      "createdById": "005Hu00000SrqZhIAJ",
      "createdByName": "Tom Pallissery",
      "createdDate": "2025-03-06T05:58:32.000Z",
      "fileName": "experiences/SDO_D2C_Commerce_Enhanced1",
      "fullName": "SDO_D2C_Commerce_Enhanced1",
      "id": "0DMHu0000018YfHOAU",
      "lastModifiedById": "005Hu00000SrqZhIAJ",
      "lastModifiedByName": "Tom Pallissery",
      "lastModifiedDate": "2025-03-06T05:58:32.000Z",
      "type": "ExperienceBundle"
    },
    {
      "createdById": "005Hu00000SrqZhIAJ",
      "createdByName": "Tom Pallissery",
      "createdDate": "2025-03-06T05:58:32.000Z",
      "fileName": "experiences/old_prof1",
      "fullName": "old_prof1",
      "id": "0DMHu0000018Yf9OAE",
      "lastModifiedById": "005Hu00000SrqZhIAJ",
      "lastModifiedByName": "Tom Pallissery",
      "lastModifiedDate": "2025-03-06T05:58:32.000Z",
      "type": "ExperienceBundle"
    },
    {
      "createdById": "005Hu00000SrqZhIAJ",
      "createdByName": "Tom Pallissery",
      "createdDate": "2025-03-06T05:58:32.000Z",
      "fileName": "experiences/SDO_Partner_Central1",
      "fullName": "SDO_Partner_Central1",
      "id": "0DMHu0000018YfGOAU",
      "lastModifiedById": "005Hu00000SrqZhIAJ",
      "lastModifiedByName": "Tom Pallissery",
      "lastModifiedDate": "2025-03-06T05:58:32.000Z",
      "type": "ExperienceBundle"
    },
    {
      "createdById": "005Hu00000SrqZhIAJ",
      "createdByName": "Tom Pallissery",
      "createdDate": "2025-03-06T05:58:32.000Z",
      "fileName": "experiences/LPI1",
      "fullName": "LPI1",
      "id": "0DMHu0000018Yf2OAE",
      "lastModifiedById": "005Hu00000SrqZhIAJ",
      "lastModifiedByName": "Tom Pallissery",
      "lastModifiedDate": "2025-03-06T05:58:32.000Z",
      "type": "ExperienceBundle"
    }
  ]
}