{
  "status": 0,
  "result": [
    {
      "createdById": "005Hu00000SrqZhIAJ",
      "createdByName": "Tom Pallissery",
      "createdDate": "2025-03-06T05:58:32.000Z",
      "fileName": "groups/Acme_Partners_Territory.group",
      "fullName": "Acme_Partners_Territory",
      "id": "00GHu00000CbqYMMAZ",
      "lastModifiedById": "005Hu00000SrqZhIAJ",
      "lastModifiedByName": "Tom Pallissery",
      "lastModifiedDate": "2025-03-06T05:58:32.000Z",
      "type": "Group"
    },
    {
      "createdById": "005Hu00000SrqZhIAJ",
      "createdByName": "Tom Pallissery",
      "createdDate": "2025-03-06T05:58:32.000Z",
      "fileName": "groups/SDO_ProductManagers.group",
      "fullName": "SDO_ProductManagers",
      "id": "00GHu00000CbqZ0MAJ",
      "lastModifiedById": "005Hu00000SrqZhIAJ",
      "lastModifiedByName": "Tom Pallissery",
      "lastModifiedDate": "2025-03-06T05:58:32.000Z",
      "type": "Group"
    },
    {
      "createdById": "005Hu00000SrqZhIAJ",
      "createdByName": "Tom Pallissery",
      "createdDate": "2025-03-06T05:58:32.000Z",
      "fileName": "groups/Palo_Alto_Training_Center.group",
      "fullName": "Palo_Alto_Training_Center",
      "id": "00GHu00000Cbqa9MAB",
      "lastModifiedById": "005Hu00000SrqZhIAJ",
      "lastModifiedByName": "Tom Pallissery",
      "lastModifiedDate": "2025-03-06T05:58:32.000Z",
      "type": "Group"
    },
    {
      "createdById": "005Hu00000SrqZhIAJ",
      "createdByName": "Tom Pallissery",
      "createdDate": "2025-03-06T05:58:32.000Z",
      "fileName": "groups/Oakland_Training_Center.group",
      "fullName": "Oakland_Training_Center",
      "id": "00GHu00000CbqaDMAR",
      "lastModifiedById": "005Hu00000SrqZhIAJ",
      "lastModifiedByName": "Tom Pallissery",
      "lastModifiedDate": "2025-03-06T05:58:32.000Z",
      "type": "Group"
    },
    {
      "createdById": "005Hu00000SrqZhIAJ",
      "createdByName": "Tom Pallissery",
      "createdDate": "2025-03-06T05:58:32.000Z",
      "fileName": "groups/SDO_Service_SupportAgents.group",
      "fullName": "SDO_Service_SupportAgents",
      "id": "00GHu00000CbqYsMAJ",
      "lastModifiedById": "005Hu00000SrqZhIAJ",
      "lastModifiedByName": "Tom Pallissery",
      "lastModifiedDate": "2025-03-06T05:58:32.000Z",
      "type": "Group"
    },
    {
      "createdById": "005Hu00000SrqZhIAJ",
      "createdByName": "Tom Pallissery",
      "createdDate": "2025-03-06T05:58:32.000Z",
      "fileName": "groups/SDO_OMS.group",
      "fullName": "SDO_OMS",
      "id": "00GHu00000CbqYtMAJ",
      "lastModifiedById": "005Hu00000SrqZhIAJ",
      "lastModifiedByName": "Tom Pallissery",
      "lastModifiedDate": "2025-03-06T05:58:32.000Z",
      "type": "Group"
    },
    {
      "createdById": "005Hu00000SrqZhIAJ",
      "createdByName": "Tom Pallissery",
      "createdDate": "2025-03-06T05:58:32.000Z",
      "fileName": "groups/SDO_Marketing_Managers.group",
      "fullName": "SDO_Marketing_Managers",
      "id": "00GHu00000CbqYzMAJ",
      "lastModifiedById": "005Hu00000SrqZhIAJ",
      "lastModifiedByName": "Tom Pallissery",
      "lastModifiedDate": "2025-03-06T05:58:32.000Z",
      "type": "Group"
    },
    {
      "createdById": "005Hu00000SrqZhIAJ",
      "createdByName": "Tom Pallissery",
      "createdDate": "2025-03-06T05:58:32.000Z",
      "fileName": "groups/Channel_Managers.group",
      "fullName": "Channel_Managers",
      "id": "00GHu00000CbqYKMAZ",
      "lastModifiedById": "005Hu00000SrqZhIAJ",
      "lastModifiedByName": "Tom Pallissery",
      "lastModifiedDate": "2025-03-06T05:58:32.000Z",
      "type": "Group"
    },
    {
      "createdById": "005Hu00000SrqZhIAJ",
      "createdByName": "Tom Pallissery",
      "createdDate": "2025-03-06T05:58:32.000Z",
      "fileName": "groups/SDO_Sales_Reps.group",
      "fullName": "SDO_Sales_Reps",
      "id": "00GHu00000CbqZ1MAJ",
      "lastModifiedById": "005Hu00000SrqZhIAJ",
      "lastModifiedByName": "Tom Pallissery",
      "lastModifiedDate": "2025-03-06T05:58:32.000Z",
      "type": "Group"
    },
    {
      "createdById": "005Hu00000SrqZhIAJ",
      "createdByName": "Tom Pallissery",
      "createdDate": "2025-03-06T05:58:32.000Z",
      "fileName": "groups/GPS_Social_Insurance_Respond.group",
      "fullName": "GPS_Social_Insurance_Respond",
      "id": "00GHu00000Cbqb0MAB",
      "lastModifiedById": "005Hu00000SrqZhIAJ",
      "lastModifiedByName": "Tom Pallissery",
      "lastModifiedDate": "2025-03-06T05:58:32.000Z",
      "type": "Group"
    },
    {
      "createdById": "005Hu00000SrqZhIAJ",
      "createdByName": "Tom Pallissery",
      "createdDate": "2025-03-06T05:58:32.000Z",
      "fileName": "groups/Virtual_Trainers.group",
      "fullName": "Virtual_Trainers",
      "id": "00GHu00000CbqaAMAR",
      "lastModifiedById": "005Hu00000SrqZhIAJ",
      "lastModifiedByName": "Tom Pallissery",
      "lastModifiedDate": "2025-03-06T05:58:32.000Z",
      "type": "Group"
    },
    {
      "createdById": "005Hu00000SrqZhIAJ",
      "createdByName": "Tom Pallissery",
      "createdDate": "2025-03-06T05:58:32.000Z",
      "fileName": "groups/SDO_Sales_Users.group",
      "fullName": "SDO_Sales_Users",
      "id": "00GHu00000CbqYuMAJ",
      "lastModifiedById": "005Hu00000SrqZhIAJ",
      "lastModifiedByName": "Tom Pallissery",
      "lastModifiedDate": "2025-03-06T05:58:32.000Z",
      "type": "Group"
    },
    {
      "createdById": "005Hu00000SrqZhIAJ",
      "createdByName": "Tom Pallissery",
      "createdDate": "2025-03-06T05:58:32.000Z",
      "fileName": "groups/Repair_Depot.group",
      "fullName": "Repair_Depot",
      "id": "00GHu00000CbqaBMAR",
      "lastModifiedById": "005Hu00000SrqZhIAJ",
      "lastModifiedByName": "Tom Pallissery",
      "lastModifiedDate": "2025-03-06T05:58:32.000Z",
      "type": "Group"
    },
    {
      "createdById": "005Hu00000SrqZhIAJ",
      "createdByName": "Tom Pallissery",
      "createdDate": "2025-03-06T05:58:32.000Z",
      "fileName": "groups/San_Francisco_Training_Center.group",
      "fullName": "San_Francisco_Training_Center",
      "id": "00GHu00000Cbqa8MAB",
      "lastModifiedById": "005Hu00000SrqZhIAJ",
      "lastModifiedByName": "Tom Pallissery",
      "lastModifiedDate": "2025-03-06T05:58:32.000Z",
      "type": "Group"
    },
    {
      "createdById": "005Hu00000SrqZhIAJ",
      "createdByName": "Tom Pallissery",
      "createdDate": "2025-03-06T05:58:32.000Z",
      "fileName": "groups/San_Francisco.group",
      "fullName": "San_Francisco",
      "id": "00GHu00000CbqYLMAZ",
      "lastModifiedById": "005Hu00000SrqZhIAJ",
      "lastModifiedByName": "Tom Pallissery",
      "lastModifiedDate": "2025-03-06T05:58:32.000Z",
      "type": "Group"
    },
    {
      "createdById": "005Hu00000SrqZhIAJ",
      "createdByName": "Tom Pallissery",
      "createdDate": "2025-03-06T05:58:32.000Z",
      "fileName": "groups/SDO_CMS_Content_Users.group",
      "fullName": "SDO_CMS_Content_Users",
      "id": "00GHu00000CbqYJMAZ",
      "lastModifiedById": "005Hu00000SrqZhIAJ",
      "lastModifiedByName": "Tom Pallissery",
      "lastModifiedDate": "2025-03-06T05:58:32.000Z",
      "type": "Group"
    },
    {
      "createdById": "005Hu00000SrqZhIAJ",
      "createdByName": "Tom Pallissery",
      "createdDate": "2025-03-06T05:58:32.000Z",
      "fileName": "groups/Los_Angeles.group",
      "fullName": "Los_Angeles",
      "id": "00GHu00000CbqaCMAR",
      "lastModifiedById": "005Hu00000SrqZhIAJ",
      "lastModifiedByName": "Tom Pallissery",
      "lastModifiedDate": "2025-03-06T05:58:32.000Z",
      "type": "Group"
    },
    {
      "createdById": "005Hu00000SrqZhIAJ",
      "createdByName": "Tom Pallissery",
      "createdDate": "2025-03-06T05:58:32.000Z",
      "fileName": "groups/San_Francisco_Contact_Center.group",
      "fullName": "San_Francisco_Contact_Center",
      "id": "00GHu00000Cbqa5MAB",
      "lastModifiedById": "005Hu00000SrqZhIAJ",
      "lastModifiedByName": "Tom Pallissery",
      "lastModifiedDate": "2025-03-06T05:58:32.000Z",
      "type": "Group"
    },
    {
      "createdById": "005Hu00000SrqZhIAJ",
      "createdByName": "Tom Pallissery",
      "createdDate": "2025-03-06T05:58:32.000Z",
      "fileName": "groups/London_Contact_Center.group",
      "fullName": "London_Contact_Center",
      "id": "00GHu00000Cbqa6MAB",
      "lastModifiedById": "005Hu00000SrqZhIAJ",
      "lastModifiedByName": "Tom Pallissery",
      "lastModifiedDate": "2025-03-06T05:58:32.000Z",
      "type": "Group"
    },
    {
      "createdById": "005Hu00000SzKPuIAN",
      "createdByName": "FSL",
      "createdDate": "2025-03-06T05:58:32.000Z",
      "fileName": "groups/FIELD_SERVICE_Default.group",
      "fullName": "FIELD_SERVICE_Default",
      "id": "00GHu00000CbqajMAB",
      "lastModifiedById": "005Hu00000SzKPuIAN",
      "lastModifiedByName": "FSL",
      "lastModifiedDate": "2025-03-06T05:58:32.000Z",
      "type": "Group"
    },
    {
      "createdById": "005Hu00000SrqZhIAJ",
      "createdByName": "Tom Pallissery",
      "createdDate": "2025-03-06T05:58:32.000Z",
      "fileName": "groups/Tokyo_Contact_Center.group",
      "fullName": "Tokyo_Contact_Center",
      "id": "00GHu00000Cbqa7MAB",
      "lastModifiedById": "005Hu00000SrqZhIAJ",
      "lastModifiedByName": "Tom Pallissery",
      "lastModifiedDate": "2025-03-06T05:58:32.000Z",
      "type": "Group"
    }
  ]
}