{
  "status": 0,
  "result": [
    {
      "createdById": "005Hu00000SrqZhIAJ",
      "createdByName": "Tom Pallissery",
      "createdDate": "2025-03-06T05:58:32.000Z",
      "fileName": "letterhead/maps__AdvRouteLetterhead.letter",
      "fullName": "maps__AdvRouteLetterhead",
      "id": "016Hu000000aMUOIA2",
      "lastModifiedById": "005Hu00000SrqZhIAJ",
      "lastModifiedByName": "Tom Pallissery",
      "lastModifiedDate": "2025-03-06T05:58:32.000Z",
      "manageableState": "installed",
      "namespacePrefix": "maps",
      "type": "Letterhead"
    },
    {
      "createdById": "005Hu00000SrqZhIAJ",
      "createdByName": "Tom Pallissery",
      "createdDate": "2025-03-12T14:11:54.000Z",
      "fileName": "letterhead/NBD_logo.letter",
      "fullName": "NBD_logo",
      "id": "016Hu000000MwPtIAK",
      "lastModifiedById": "005Hu00000SrqZhIAJ",
      "lastModifiedByName": "Tom Pallissery",
      "lastModifiedDate": "2025-03-12T14:11:54.000Z",
      "manageableState": "unmanaged",
      "type": "Letterhead"
    },
    {
      "createdById": "005Hu00000SrqZhIAJ",
      "createdByName": "Tom Pallissery",
      "createdDate": "2025-03-06T05:58:32.000Z",
      "fileName": "letterhead/SDO_CorporateLogo.letter",
      "fullName": "SDO_CorporateLogo",
      "id": "016Hu000000aMUPIA2",
      "lastModifiedById": "005Hu00000SrqZhIAJ",
      "lastModifiedByName": "Tom Pallissery",
      "lastModifiedDate": "2025-03-06T05:58:32.000Z",
      "manageableState": "unmanaged",
      "type": "Letterhead"
    }
  ]
}