{
  "status": 0,
  "result": [
    {
      "createdById": "005Hu00000SrqZhIAJ",
      "createdByName": "Tom Pallissery",
      "createdDate": "2025-03-06T05:58:32.000Z",
      "fileName": "reports/Knowledge_Reports_frominstalledpackage",
      "fullName": "Knowledge_Reports_frominstalledpackage",
      "id": "00lHu000004mPEOIA2",
      "lastModifiedById": "005Hu00000SrqZhIAJ",
      "lastModifiedByName": "Tom Pallissery",
      "lastModifiedDate": "2025-03-06T05:58:32.000Z",
      "manageableState": "unmanaged",
      "type": "ReportFolder"
    },
    {
      "createdById": "005Hu00000SzKPoIAN",
      "createdByName": "Automated Process",
      "createdDate": "2025-03-06T05:58:32.000Z",
      "fileName": "reports/evf_20240820_Evf_Einstein_Service_Agent_Report_Folder_Dev",
      "fullName": "evf_20240820_Evf_Einstein_Service_Agent_Report_Folder_Dev",
      "id": "00lHu000004mPF1IAM",
      "lastModifiedById": "005Hu00000SzKPoIAN",
      "lastModifiedByName": "Automated Process",
      "lastModifiedDate": "2025-03-06T05:58:32.000Z",
      "manageableState": "unmanaged",
      "type": "ReportFolder"
    },
    {
      "createdById": "005Hu00000SrqZhIAJ",
      "createdByName": "Tom Pallissery",
      "createdDate": "2025-03-06T05:58:32.000Z",
      "fileName": "reports/ca_collab_2_0__Community_Management_Home_Reports",
      "fullName": "ca_collab_2_0__Community_Management_Home_Reports",
      "id": "00lHu000004mPDpIAM",
      "lastModifiedById": "005Hu00000SrqZhIAJ",
      "lastModifiedByName": "Tom Pallissery",
      "lastModifiedDate": "2025-03-06T05:58:32.000Z",
      "manageableState": "installed",
      "namespacePrefix": "ca_collab_2_0",
      "type": "ReportFolder"
    },
    {
      "createdById": "005Hu00000SrqZhIAJ",
      "createdByName": "Tom Pallissery",
      "createdDate": "2025-03-06T05:58:32.000Z",
      "fileName": "reports/ca_collab_2_0__SfdcCommunitiesPulseDefaultMember_20",
      "fullName": "ca_collab_2_0__SfdcCommunitiesPulseDefaultMember_20",
      "id": "00lHu000004mPE0IAM",
      "lastModifiedById": "005Hu00000SrqZhIAJ",
      "lastModifiedByName": "Tom Pallissery",
      "lastModifiedDate": "2025-03-06T05:58:32.000Z",
      "manageableState": "installed",
      "namespacePrefix": "ca_collab_2_0",
      "type": "ReportFolder"
    },
    {
      "createdById": "005Hu00000SrqZhIAJ",
      "createdByName": "Tom Pallissery",
      "createdDate": "2025-03-06T05:58:32.000Z",
      "fileName": "reports/ca_collab_2_0__SfdcCommunitiesPulseDefaultContent_20",
      "fullName": "ca_collab_2_0__SfdcCommunitiesPulseDefaultContent_20",
      "id": "00lHu000004mPDsIAM",
      "lastModifiedById": "005Hu00000SrqZhIAJ",
      "lastModifiedByName": "Tom Pallissery",
      "lastModifiedDate": "2025-03-06T05:58:32.000Z",
      "manageableState": "installed",
      "namespacePrefix": "ca_collab_2_0",
      "type": "ReportFolder"
    },
    {
      "createdById": "005Hu00000SzKPoIAN",
      "createdByName": "Automated Process",
      "createdDate": "2025-03-06T05:58:32.000Z",
      "fileName": "reports/EBotR_v5",
      "fullName": "EBotR_v5",
      "id": "00lHu000004mPELIA2",
      "lastModifiedById": "005Hu00000SzKPoIAN",
      "lastModifiedByName": "Automated Process",
      "lastModifiedDate": "2025-03-06T05:58:32.000Z",
      "manageableState": "unmanaged",
      "type": "ReportFolder"
    },
    {
      "createdById": "005Hu00000SrqZhIAJ",
      "createdByName": "Tom Pallissery",
      "createdDate": "2025-03-06T05:58:32.000Z",
      "fileName": "reports/blng__CreditNoteReports",
      "fullName": "blng__CreditNoteReports",
      "id": "00lHu000004mPDcIAM",
      "lastModifiedById": "005Hu00000SrqZhIAJ",
      "lastModifiedByName": "Tom Pallissery",
      "lastModifiedDate": "2025-03-06T05:58:32.000Z",
      "manageableState": "installed",
      "namespacePrefix": "blng",
      "type": "ReportFolder"
    },
    {
      "createdById": "005Hu00000SrqZhIAJ",
      "createdByName": "Tom Pallissery",
      "createdDate": "2025-03-06T05:58:32.000Z",
      "fileName": "reports/tspa__VisualRemoteAssistantreports",
      "fullName": "tspa__VisualRemoteAssistantreports",
      "id": "00lHu000004mPDKIA2",
      "lastModifiedById": "005Hu00000SrqZhIAJ",
      "lastModifiedByName": "Tom Pallissery",
      "lastModifiedDate": "2025-03-06T05:58:32.000Z",
      "manageableState": "installed",
      "namespacePrefix": "tspa",
      "type": "ReportFolder"
    },
    {
      "createdById": "005Hu00000SzKPoIAN",
      "createdByName": "Automated Process",
      "createdDate": "2025-03-06T05:58:32.000Z",
      "fileName": "reports/prm_winter24_reportsSPLIT1705131267290",
      "fullName": "prm_winter24_reportsSPLIT1705131267290",
      "id": "00lHu000004mPEaIAM",
      "lastModifiedById": "005Hu00000SzKPoIAN",
      "lastModifiedByName": "Automated Process",
      "lastModifiedDate": "2025-03-06T05:58:32.000Z",
      "manageableState": "unmanaged",
      "type": "ReportFolder"
    },
    {
      "createdById": "005Hu00000SrqZhIAJ",
      "createdByName": "Tom Pallissery",
      "createdDate": "2025-03-06T05:58:32.000Z",
      "fileName": "reports/DashboardMagicReports",
      "fullName": "DashboardMagicReports",
      "id": "00lHu000004mPE7IAM",
      "lastModifiedById": "005Hu00000SrqZhIAJ",
      "lastModifiedByName": "Tom Pallissery",
      "lastModifiedDate": "2025-03-06T05:58:32.000Z",
      "manageableState": "unmanaged",
      "type": "ReportFolder"
    },
    {
      "createdById": "005Hu00000SzKPoIAN",
      "createdByName": "Automated Process",
      "createdDate": "2025-03-06T05:58:32.000Z",
      "fileName": "reports/LeadInsightsReports",
      "fullName": "LeadInsightsReports",
      "id": "00lHu000004mPDVIA2",
      "lastModifiedById": "005Hu00000SzKPoIAN",
      "lastModifiedByName": "Automated Process",
      "lastModifiedDate": "2025-03-06T05:58:32.000Z",
      "manageableState": "unmanaged",
      "type": "ReportFolder"
    },
    {
      "createdById": "005Hu00000SrqZhIAJ",
      "createdByName": "Tom Pallissery",
      "createdDate": "2025-03-06T05:58:32.000Z",
      "fileName": "reports/CommerceBusinessReports",
      "fullName": "CommerceBusinessReports",
      "id": "00lHu000004mPEuIAM",
      "lastModifiedById": "005Hu00000SrqZhIAJ",
      "lastModifiedByName": "Tom Pallissery",
      "lastModifiedDate": "2025-03-06T05:58:32.000Z",
      "manageableState": "unmanaged",
      "type": "ReportFolder"
    },
    {
      "createdById": "005Hu00000SrqZhIAJ",
      "createdByName": "Tom Pallissery",
      "createdDate": "2025-03-06T05:58:32.000Z",
      "fileName": "reports/ca_collab_2_0__Chatter_Reports",
      "fullName": "ca_collab_2_0__Chatter_Reports",
      "id": "00lHu000004mPDnIAM",
      "lastModifiedById": "005Hu00000SrqZhIAJ",
      "lastModifiedByName": "Tom Pallissery",
      "lastModifiedDate": "2025-03-06T05:58:32.000Z",
      "manageableState": "installed",
      "namespacePrefix": "ca_collab_2_0",
      "type": "ReportFolder"
    },
    {
      "createdById": "005Hu00000SrqZhIAJ",
      "createdByName": "Tom Pallissery",
      "createdDate": "2025-03-06T05:58:32.000Z",
      "fileName": "reports/SDO_AdoptionReports",
      "fullName": "SDO_AdoptionReports",
      "id": "00lHu000004mPDCIA2",
      "lastModifiedById": "005Hu00000SrqZhIAJ",
      "lastModifiedByName": "Tom Pallissery",
      "lastModifiedDate": "2025-03-06T05:58:32.000Z",
      "manageableState": "unmanaged",
      "type": "ReportFolder"
    },
    {
      "createdById": "005Hu00000SrqZhIAJ",
      "createdByName": "Tom Pallissery",
      "createdDate": "2025-03-06T05:58:32.000Z",
      "fileName": "reports/ca_collab_2_0__SfdcCommunitiesPulseDefaultMFlagMessages",
      "fullName": "ca_collab_2_0__SfdcCommunitiesPulseDefaultMFlagMessages",
      "id": "00lHu000004mPDwIAM",
      "lastModifiedById": "005Hu00000SrqZhIAJ",
      "lastModifiedByName": "Tom Pallissery",
      "lastModifiedDate": "2025-03-06T05:58:32.000Z",
      "manageableState": "installed",
      "namespacePrefix": "ca_collab_2_0",
      "type": "ReportFolder"
    },
    {
      "createdById": "005Hu00000SrqZhIAJ",
      "createdByName": "Tom Pallissery",
      "createdDate": "2025-03-06T05:58:32.000Z",
      "fileName": "reports/SDO_Community_PartnerReports",
      "fullName": "SDO_Community_PartnerReports",
      "id": "00lHu000004mPD9IAM",
      "lastModifiedById": "005Hu00000SrqZhIAJ",
      "lastModifiedByName": "Tom Pallissery",
      "lastModifiedDate": "2025-03-06T05:58:32.000Z",
      "manageableState": "unmanaged",
      "type": "ReportFolder"
    },
    {
      "createdById": "005Hu00000SzKPoIAN",
      "createdByName": "Automated Process",
      "createdDate": "2025-03-06T05:58:32.000Z",
      "fileName": "reports/EnablementDashboardReports_sfdcSESv61",
      "fullName": "EnablementDashboardReports_sfdcSESv61",
      "id": "00lHu000004mPEwIAM",
      "lastModifiedById": "005Hu00000SzKPoIAN",
      "lastModifiedByName": "Automated Process",
      "lastModifiedDate": "2025-03-06T05:58:32.000Z",
      "manageableState": "unmanaged",
      "type": "ReportFolder"
    },
    {
      "createdById": "005Hu00000SzKPoIAN",
      "createdByName": "Automated Process",
      "createdDate": "2025-03-06T05:58:32.000Z",
      "fileName": "reports/EBotR_v4",
      "fullName": "EBotR_v4",
      "id": "00lHu000004mPEDIA2",
      "lastModifiedById": "005Hu00000SzKPoIAN",
      "lastModifiedByName": "Automated Process",
      "lastModifiedDate": "2025-03-06T05:58:32.000Z",
      "manageableState": "unmanaged",
      "type": "ReportFolder"
    },
    {
      "createdById": "005Hu00000SrqZhIAJ",
      "createdByName": "Tom Pallissery",
      "createdDate": "2025-03-06T05:58:32.000Z",
      "fileName": "reports/tspa__VRAAdoptionReport246",
      "fullName": "tspa__VRAAdoptionReport246",
      "id": "00lHu000004mPEsIAM",
      "lastModifiedById": "005Hu00000SrqZhIAJ",
      "lastModifiedByName": "Tom Pallissery",
      "lastModifiedDate": "2025-03-06T05:58:32.000Z",
      "manageableState": "installed",
      "namespacePrefix": "tspa",
      "type": "ReportFolder"
    },
    {
      "createdById": "005Hu00000SzKPoIAN",
      "createdByName": "Automated Process",
      "createdDate": "2025-03-06T05:58:32.000Z",
      "fileName": "reports/EinsteinConversationInsightsReports",
      "fullName": "EinsteinConversationInsightsReports",
      "id": "00lHu000004mPEMIA2",
      "lastModifiedById": "005Hu00000SzKPoIAN",
      "lastModifiedByName": "Automated Process",
      "lastModifiedDate": "2025-03-06T05:58:32.000Z",
      "manageableState": "unmanaged",
      "type": "ReportFolder"
    },
    {
      "createdById": "005Hu00000SrqZhIAJ",
      "createdByName": "Tom Pallissery",
      "createdDate": "2025-03-06T05:58:32.000Z",
      "fileName": "reports/SDO_Sales_HighVelocitySalesReports",
      "fullName": "SDO_Sales_HighVelocitySalesReports",
      "id": "00lHu000004mPDAIA2",
      "lastModifiedById": "005Hu00000SrqZhIAJ",
      "lastModifiedByName": "Tom Pallissery",
      "lastModifiedDate": "2025-03-06T05:58:32.000Z",
      "manageableState": "unmanaged",
      "type": "ReportFolder"
    },
    {
      "createdById": "005Hu00000SrqZhIAJ",
      "createdByName": "Tom Pallissery",
      "createdDate": "2025-03-06T05:58:32.000Z",
      "fileName": "reports/ca_collab_2_0__SfdcCommunitiesPulseDefaultGroup_20",
      "fullName": "ca_collab_2_0__SfdcCommunitiesPulseDefaultGroup_20",
      "id": "00lHu000004mPDtIAM",
      "lastModifiedById": "005Hu00000SrqZhIAJ",
      "lastModifiedByName": "Tom Pallissery",
      "lastModifiedDate": "2025-03-06T05:58:32.000Z",
      "manageableState": "installed",
      "namespacePrefix": "ca_collab_2_0",
      "type": "ReportFolder"
    },
    {
      "createdById": "005Hu00000SzKPoIAN",
      "createdByName": "Automated Process",
      "createdDate": "2025-03-06T05:58:32.000Z",
      "fileName": "reports/CRM_180925_Sample_Sales_Dashboards_Reports",
      "fullName": "CRM_180925_Sample_Sales_Dashboards_Reports",
      "id": "00lHu000004mPDIIA2",
      "lastModifiedById": "005Hu00000SzKPoIAN",
      "lastModifiedByName": "Automated Process",
      "lastModifiedDate": "2025-03-06T05:58:32.000Z",
      "manageableState": "unmanaged",
      "type": "ReportFolder"
    },
    {
      "createdById": "005Hu00000SzKPuIAN",
      "createdByName": "FSL",
      "createdDate": "2025-03-06T05:58:32.000Z",
      "fileName": "reports/FSL__FieldServiceCopilotReports",
      "fullName": "FSL__FieldServiceCopilotReports",
      "id": "00lHu000004mPF3IAM",
      "lastModifiedById": "005Hu00000SzKPuIAN",
      "lastModifiedByName": "FSL",
      "lastModifiedDate": "2025-03-06T05:58:32.000Z",
      "manageableState": "installed",
      "namespacePrefix": "FSL",
      "type": "ReportFolder"
    },
    {
      "createdById": "005Hu00000SrqZhIAJ",
      "createdByName": "Tom Pallissery",
      "createdDate": "2025-03-06T05:58:32.000Z",
      "fileName": "reports/ca_collab_2_0__SfdcCommunitiesPulseDefaultMPending",
      "fullName": "ca_collab_2_0__SfdcCommunitiesPulseDefaultMPending",
      "id": "00lHu000004mPDyIAM",
      "lastModifiedById": "005Hu00000SrqZhIAJ",
      "lastModifiedByName": "Tom Pallissery",
      "lastModifiedDate": "2025-03-06T05:58:32.000Z",
      "manageableState": "installed",
      "namespacePrefix": "ca_collab_2_0",
      "type": "ReportFolder"
    },
    {
      "createdById": "005Hu00000SzKPoIAN",
      "createdByName": "Automated Process",
      "createdDate": "2025-03-06T05:58:32.000Z",
      "fileName": "reports/EnablementDashboardReports_sfdcSESv60",
      "fullName": "EnablementDashboardReports_sfdcSESv60",
      "id": "00lHu000004mPEoIAM",
      "lastModifiedById": "005Hu00000SzKPoIAN",
      "lastModifiedByName": "Automated Process",
      "lastModifiedDate": "2025-03-06T05:58:32.000Z",
      "manageableState": "unmanaged",
      "type": "ReportFolder"
    },
    {
      "createdById": "005Hu00000SzKPoIAN",
      "createdByName": "Automated Process",
      "createdDate": "2025-03-06T05:58:32.000Z",
      "fileName": "reports/prm_ch_reports_sub_folder",
      "fullName": "prm_ch_reports_sub_folder",
      "id": "00lHu000004mPEbIAM",
      "lastModifiedById": "005Hu00000SzKPoIAN",
      "lastModifiedByName": "Automated Process",
      "lastModifiedDate": "2025-03-06T05:58:32.000Z",
      "manageableState": "unmanaged",
      "type": "ReportFolder"
    },
    {
      "createdById": "005Hu00000SzKPoIAN",
      "createdByName": "Automated Process",
      "createdDate": "2025-03-06T05:58:32.000Z",
      "fileName": "reports/prm_winter24_ch_prod_reports_folderSPLIT1705131267290",
      "fullName": "prm_winter24_ch_prod_reports_folderSPLIT1705131267290",
      "id": "00lHu000004mPEcIAM",
      "lastModifiedById": "005Hu00000SzKPoIAN",
      "lastModifiedByName": "Automated Process",
      "lastModifiedDate": "2025-03-06T05:58:32.000Z",
      "manageableState": "unmanaged",
      "type": "ReportFolder"
    },
    {
      "createdById": "005Hu00000SrqZhIAJ",
      "createdByName": "Tom Pallissery",
      "createdDate": "2025-03-06T05:58:32.000Z",
      "fileName": "reports/SDO_SFS_Reports",
      "fullName": "SDO_SFS_Reports",
      "id": "00lHu000004mPDUIA2",
      "lastModifiedById": "005Hu00000SrqZhIAJ",
      "lastModifiedByName": "Tom Pallissery",
      "lastModifiedDate": "2025-03-06T05:58:32.000Z",
      "manageableState": "unmanaged",
      "type": "ReportFolder"
    },
    {
      "createdById": "005Hu00000SzKPoIAN",
      "createdByName": "Automated Process",
      "createdDate": "2025-03-06T05:58:32.000Z",
      "fileName": "reports/EBotR_v3",
      "fullName": "EBotR_v3",
      "id": "00lHu000004mPCzIAM",
      "lastModifiedById": "005Hu00000SzKPoIAN",
      "lastModifiedByName": "Automated Process",
      "lastModifiedDate": "2025-03-06T05:58:32.000Z",
      "manageableState": "unmanaged",
      "type": "ReportFolder"
    },
    {
      "createdById": "005Hu00000SzKPoIAN",
      "createdByName": "Automated Process",
      "createdDate": "2025-03-06T05:58:32.000Z",
      "fileName": "reports/prm_channel_sales_reports_folder",
      "fullName": "prm_channel_sales_reports_folder",
      "id": "00lHu000004mPEUIA2",
      "lastModifiedById": "005Hu00000SzKPoIAN",
      "lastModifiedByName": "Automated Process",
      "lastModifiedDate": "2025-03-06T05:58:32.000Z",
      "manageableState": "unmanaged",
      "type": "ReportFolder"
    },
    {
      "createdById": "005Hu00000SrqZhIAJ",
      "createdByName": "Tom Pallissery",
      "createdDate": "2025-03-06T05:58:32.000Z",
      "fileName": "reports/inov8__PMT",
      "fullName": "inov8__PMT",
      "id": "00lHu000004mPD3IAM",
      "lastModifiedById": "005Hu00000SrqZhIAJ",
      "lastModifiedByName": "Tom Pallissery",
      "lastModifiedDate": "2025-03-06T05:58:32.000Z",
      "manageableState": "installed",
      "namespacePrefix": "inov8",
      "type": "ReportFolder"
    },
    {
      "createdById": "005Hu00000SrqZhIAJ",
      "createdByName": "Tom Pallissery",
      "createdDate": "2025-03-06T05:58:32.000Z",
      "fileName": "reports/SDO_JP_Reportsfordashboards",
      "fullName": "SDO_JP_Reportsfordashboards",
      "id": "00lHu000004mPErIAM",
      "lastModifiedById": "005Hu00000SrqZhIAJ",
      "lastModifiedByName": "Tom Pallissery",
      "lastModifiedDate": "2025-03-06T05:58:32.000Z",
      "manageableState": "unmanaged",
      "type": "ReportFolder"
    },
    {
      "createdById": "005Hu00000SzKPoIAN",
      "createdByName": "Automated Process",
      "createdDate": "2025-03-06T05:58:32.000Z",
      "fileName": "reports/prm_spring24_pt_engagement_reports_folderSPLIT1705131267290",
      "fullName": "prm_spring24_pt_engagement_reports_folderSPLIT1705131267290",
      "id": "00lHu000004mPEgIAM",
      "lastModifiedById": "005Hu00000SzKPoIAN",
      "lastModifiedByName": "Automated Process",
      "lastModifiedDate": "2025-03-06T05:58:32.000Z",
      "manageableState": "unmanaged",
      "type": "ReportFolder"
    },
    {
      "createdById": "005Hu00000SzKPoIAN",
      "createdByName": "Automated Process",
      "createdDate": "2025-03-06T05:58:32.000Z",
      "fileName": "reports/prm_spring24_reportsSPLIT1705131267290",
      "fullName": "prm_spring24_reportsSPLIT1705131267290",
      "id": "00lHu000004mPEeIAM",
      "lastModifiedById": "005Hu00000SzKPoIAN",
      "lastModifiedByName": "Automated Process",
      "lastModifiedDate": "2025-03-06T05:58:32.000Z",
      "manageableState": "unmanaged",
      "type": "ReportFolder"
    },
    {
      "createdById": "005Hu00000SrqZhIAJ",
      "createdByName": "Tom Pallissery",
      "createdDate": "2025-03-06T05:58:32.000Z",
      "fileName": "reports/ca_collab_2_0__SfdcCommunitiesPulseDefaultNMember",
      "fullName": "ca_collab_2_0__SfdcCommunitiesPulseDefaultNMember",
      "id": "00lHu000004mPE1IAM",
      "lastModifiedById": "005Hu00000SrqZhIAJ",
      "lastModifiedByName": "Tom Pallissery",
      "lastModifiedDate": "2025-03-06T05:58:32.000Z",
      "manageableState": "installed",
      "namespacePrefix": "ca_collab_2_0",
      "type": "ReportFolder"
    },
    {
      "createdById": "005Hu00000SrqZhIAJ",
      "createdByName": "Tom Pallissery",
      "createdDate": "2025-03-06T05:58:32.000Z",
      "fileName": "reports/ca_collab_2_0__SfdcCommunitiesPulseDefaultMUser",
      "fullName": "ca_collab_2_0__SfdcCommunitiesPulseDefaultMUser",
      "id": "00lHu000004mPDzIAM",
      "lastModifiedById": "005Hu00000SrqZhIAJ",
      "lastModifiedByName": "Tom Pallissery",
      "lastModifiedDate": "2025-03-06T05:58:32.000Z",
      "manageableState": "installed",
      "namespacePrefix": "ca_collab_2_0",
      "type": "ReportFolder"
    },
    {
      "createdById": "005Hu00000SzKPoIAN",
      "createdByName": "Automated Process",
      "createdDate": "2025-03-06T05:58:32.000Z",
      "fileName": "reports/EnablementDashboardReports_Prm_sfdcSESv61",
      "fullName": "EnablementDashboardReports_Prm_sfdcSESv61",
      "id": "00lHu000004mPEyIAM",
      "lastModifiedById": "005Hu00000SzKPoIAN",
      "lastModifiedByName": "Automated Process",
      "lastModifiedDate": "2025-03-06T05:58:32.000Z",
      "manageableState": "unmanaged",
      "type": "ReportFolder"
    },
    {
      "createdById": "005Hu00000SzKPoIAN",
      "createdByName": "Automated Process",
      "createdDate": "2025-03-06T05:58:32.000Z",
      "fileName": "reports/prm_channel_reports_folder",
      "fullName": "prm_channel_reports_folder",
      "id": "00lHu000004mPETIA2",
      "lastModifiedById": "005Hu00000SzKPoIAN",
      "lastModifiedByName": "Automated Process",
      "lastModifiedDate": "2025-03-06T05:58:32.000Z",
      "manageableState": "unmanaged",
      "type": "ReportFolder"
    },
    {
      "createdById": "005Hu00000SrqZhIAJ",
      "createdByName": "Tom Pallissery",
      "createdDate": "2025-03-12T05:27:21.000Z",
      "fileName": "reports/ProgramManagerReportFolder",
      "fullName": "ProgramManagerReportFolder",
      "id": "00lHu000003xpmsIAA",
      "lastModifiedById": "005Hu00000SrqZhIAJ",
      "lastModifiedByName": "Tom Pallissery",
      "lastModifiedDate": "2025-03-12T05:27:21.000Z",
      "manageableState": "unmanaged",
      "type": "ReportFolder"
    },
    {
      "createdById": "005Hu00000SrqZhIAJ",
      "createdByName": "Tom Pallissery",
      "createdDate": "2025-03-06T05:58:32.000Z",
      "fileName": "reports/SDO_Maps_SalesforceMaps",
      "fullName": "SDO_Maps_SalesforceMaps",
      "id": "00lHu000004mPDDIA2",
      "lastModifiedById": "005Hu00000SrqZhIAJ",
      "lastModifiedByName": "Tom Pallissery",
      "lastModifiedDate": "2025-03-06T05:58:32.000Z",
      "manageableState": "unmanaged",
      "type": "ReportFolder"
    },
    {
      "createdById": "005Hu00000SzKPoIAN",
      "createdByName": "Automated Process",
      "createdDate": "2025-03-06T05:58:32.000Z",
      "fileName": "reports/Enablement_Reports_Root_Prm_sfdcSES",
      "fullName": "Enablement_Reports_Root_Prm_sfdcSES",
      "id": "00lHu000004mPEjIAM",
      "lastModifiedById": "005Hu00000SzKPoIAN",
      "lastModifiedByName": "Automated Process",
      "lastModifiedDate": "2025-03-06T05:58:32.000Z",
      "manageableState": "unmanaged",
      "type": "ReportFolder"
    },
    {
      "createdById": "005Hu00000SrqZhIAJ",
      "createdByName": "Tom Pallissery",
      "createdDate": "2025-03-06T05:58:32.000Z",
      "fileName": "reports/engage_reports__Engage_Campaign_Reports",
      "fullName": "engage_reports__Engage_Campaign_Reports",
      "id": "00lHu000004mPDiIAM",
      "lastModifiedById": "005Hu00000SrqZhIAJ",
      "lastModifiedByName": "Tom Pallissery",
      "lastModifiedDate": "2025-03-06T05:58:32.000Z",
      "manageableState": "installed",
      "namespacePrefix": "engage_reports",
      "type": "ReportFolder"
    },
    {
      "createdById": "005Hu00000SzKPoIAN",
      "createdByName": "Automated Process",
      "createdDate": "2025-03-06T05:58:32.000Z",
      "fileName": "reports/CRM_180925_Sample_Sales_Reports",
      "fullName": "CRM_180925_Sample_Sales_Reports",
      "id": "00lHu000004mPDHIA2",
      "lastModifiedById": "005Hu00000SzKPoIAN",
      "lastModifiedByName": "Automated Process",
      "lastModifiedDate": "2025-03-06T05:58:32.000Z",
      "manageableState": "unmanaged",
      "type": "ReportFolder"
    },
    {
      "createdById": "005Hu00000SrqZhIAJ",
      "createdByName": "Tom Pallissery",
      "createdDate": "2025-03-06T05:58:32.000Z",
      "fileName": "reports/ca_collab_2_0__SfdcCommunitiesPulseDefaultMAuditTrail",
      "fullName": "ca_collab_2_0__SfdcCommunitiesPulseDefaultMAuditTrail",
      "id": "00lHu000004mPDuIAM",
      "lastModifiedById": "005Hu00000SrqZhIAJ",
      "lastModifiedByName": "Tom Pallissery",
      "lastModifiedDate": "2025-03-06T05:58:32.000Z",
      "manageableState": "installed",
      "namespacePrefix": "ca_collab_2_0",
      "type": "ReportFolder"
    },
    {
      "createdById": "005Hu00000SrqZhIAJ",
      "createdByName": "Tom Pallissery",
      "createdDate": "2025-03-06T05:58:32.000Z",
      "fileName": "reports/DigitalEngagementReports",
      "fullName": "DigitalEngagementReports",
      "id": "00lHu000004mPDMIA2",
      "lastModifiedById": "005Hu00000SrqZhIAJ",
      "lastModifiedByName": "Tom Pallissery",
      "lastModifiedDate": "2025-03-06T05:58:32.000Z",
      "manageableState": "unmanaged",
      "type": "ReportFolder"
    },
    {
      "createdById": "005Hu00000SrqZhIAJ",
      "createdByName": "Tom Pallissery",
      "createdDate": "2025-03-06T05:58:32.000Z",
      "fileName": "reports/ca_collab_2_0__Communities_Reports",
      "fullName": "ca_collab_2_0__Communities_Reports",
      "id": "00lHu000004mPDoIAM",
      "lastModifiedById": "005Hu00000SrqZhIAJ",
      "lastModifiedByName": "Tom Pallissery",
      "lastModifiedDate": "2025-03-06T05:58:32.000Z",
      "manageableState": "installed",
      "namespacePrefix": "ca_collab_2_0",
      "type": "ReportFolder"
    },
    {
      "createdById": "005Hu00000SrqZhIAJ",
      "createdByName": "Tom Pallissery",
      "createdDate": "2025-03-06T05:58:32.000Z",
      "fileName": "reports/SDO_Service_ExecutiveReports",
      "fullName": "SDO_Service_ExecutiveReports",
      "id": "00lHu000004mPDQIA2",
      "lastModifiedById": "005Hu00000SrqZhIAJ",
      "lastModifiedByName": "Tom Pallissery",
      "lastModifiedDate": "2025-03-06T05:58:32.000Z",
      "manageableState": "unmanaged",
      "type": "ReportFolder"
    },
    {
      "createdById": "005Hu00000SrqZhIAJ",
      "createdByName": "Tom Pallissery",
      "createdDate": "2025-03-06T05:58:32.000Z",
      "fileName": "reports/SDO_OMS_OrderManagement_Reports",
      "fullName": "SDO_OMS_OrderManagement_Reports",
      "id": "00lHu000004mPDmIAM",
      "lastModifiedById": "005Hu00000SrqZhIAJ",
      "lastModifiedByName": "Tom Pallissery",
      "lastModifiedDate": "2025-03-06T05:58:32.000Z",
      "manageableState": "unmanaged",
      "type": "ReportFolder"
    },
    {
      "createdById": "005Hu00000SzKPoIAN",
      "createdByName": "Automated Process",
      "createdDate": "2025-03-06T05:58:32.000Z",
      "fileName": "reports/sfdc_payments_reports_folder",
      "fullName": "sfdc_payments_reports_folder",
      "id": "00lHu000004mPENIA2",
      "lastModifiedById": "005Hu00000SzKPoIAN",
      "lastModifiedByName": "Automated Process",
      "lastModifiedDate": "2025-03-06T05:58:32.000Z",
      "manageableState": "unmanaged",
      "type": "ReportFolder"
    },
    {
      "createdById": "005Hu00000SrqZhIAJ",
      "createdByName": "Tom Pallissery",
      "createdDate": "2025-03-06T05:58:32.000Z",
      "fileName": "reports/SDO_Sales_ExecDashboard",
      "fullName": "SDO_Sales_ExecDashboard",
      "id": "00lHu000004mPDEIA2",
      "lastModifiedById": "005Hu00000SrqZhIAJ",
      "lastModifiedByName": "Tom Pallissery",
      "lastModifiedDate": "2025-03-06T05:58:32.000Z",
      "manageableState": "unmanaged",
      "type": "ReportFolder"
    },
    {
      "createdById": "005Hu00000SrqZhIAJ",
      "createdByName": "Tom Pallissery",
      "createdDate": "2025-03-06T05:58:32.000Z",
      "fileName": "reports/blng__InvoicingReports",
      "fullName": "blng__InvoicingReports",
      "id": "00lHu000004mPDdIAM",
      "lastModifiedById": "005Hu00000SrqZhIAJ",
      "lastModifiedByName": "Tom Pallissery",
      "lastModifiedDate": "2025-03-06T05:58:32.000Z",
      "manageableState": "installed",
      "namespacePrefix": "blng",
      "type": "ReportFolder"
    },
    {
      "createdById": "005Hu00000SrqZhIAJ",
      "createdByName": "Tom Pallissery",
      "createdDate": "2025-03-06T05:58:32.000Z",
      "fileName": "reports/SDO_CampaignInfluence",
      "fullName": "SDO_CampaignInfluence",
      "id": "00lHu000004mPEEIA2",
      "lastModifiedById": "005Hu00000SrqZhIAJ",
      "lastModifiedByName": "Tom Pallissery",
      "lastModifiedDate": "2025-03-06T05:58:32.000Z",
      "manageableState": "unmanaged",
      "type": "ReportFolder"
    },
    {
      "createdById": "005Hu00000SzKQ1IAN",
      "createdByName": "Sales Bot",
      "createdDate": "2025-03-06T05:58:32.000Z",
      "fileName": "reports/EmployeeServiceReports",
      "fullName": "EmployeeServiceReports",
      "id": "00lHu000004mPF2IAM",
      "lastModifiedById": "005Hu00000SzKRVIA3",
      "lastModifiedByName": "Einstein User",
      "lastModifiedDate": "2025-03-06T07:14:16.000Z",
      "manageableState": "unmanaged",
      "type": "ReportFolder"
    },
    {
      "createdById": "005Hu00000SrqZhIAJ",
      "createdByName": "Tom Pallissery",
      "createdDate": "2025-03-06T05:58:32.000Z",
      "fileName": "reports/et4ae5__ExactTarget_Tracking_Reports",
      "fullName": "et4ae5__ExactTarget_Tracking_Reports",
      "id": "00lHu000004mPDbIAM",
      "lastModifiedById": "005Hu00000SrqZhIAJ",
      "lastModifiedByName": "Tom Pallissery",
      "lastModifiedDate": "2025-03-06T05:58:32.000Z",
      "manageableState": "installed",
      "namespacePrefix": "et4ae5",
      "type": "ReportFolder"
    },
    {
      "createdById": "005Hu00000SzKPoIAN",
      "createdByName": "Automated Process",
      "createdDate": "2025-03-06T05:58:32.000Z",
      "fileName": "reports/EBotR_v6",
      "fullName": "EBotR_v6",
      "id": "00lHu000004mPEZIA2",
      "lastModifiedById": "005Hu00000SzKPoIAN",
      "lastModifiedByName": "Automated Process",
      "lastModifiedDate": "2025-03-06T05:58:32.000Z",
      "manageableState": "unmanaged",
      "type": "ReportFolder"
    },
    {
      "createdById": "005Hu00000SrqZhIAJ",
      "createdByName": "Tom Pallissery",
      "createdDate": "2025-03-06T05:58:32.000Z",
      "fileName": "reports/ca_collab_2_0__SfdcCommunitiesPulseDefaultMFlagFiles",
      "fullName": "ca_collab_2_0__SfdcCommunitiesPulseDefaultMFlagFiles",
      "id": "00lHu000004mPDvIAM",
      "lastModifiedById": "005Hu00000SrqZhIAJ",
      "lastModifiedByName": "Tom Pallissery",
      "lastModifiedDate": "2025-03-06T05:58:32.000Z",
      "manageableState": "installed",
      "namespacePrefix": "ca_collab_2_0",
      "type": "ReportFolder"
    },
    {
      "createdById": "005Hu00000SrqZhIAJ",
      "createdByName": "Tom Pallissery",
      "createdDate": "2025-03-06T05:58:32.000Z",
      "fileName": "reports/SDO_Sales_RepReports",
      "fullName": "SDO_Sales_RepReports",
      "id": "00lHu000004mPDBIA2",
      "lastModifiedById": "005Hu00000SrqZhIAJ",
      "lastModifiedByName": "Tom Pallissery",
      "lastModifiedDate": "2025-03-06T05:58:32.000Z",
      "manageableState": "unmanaged",
      "type": "ReportFolder"
    },
    {
      "createdById": "005Hu00000SrqZhIAJ",
      "createdByName": "Tom Pallissery",
      "createdDate": "2025-03-06T05:58:32.000Z",
      "fileName": "reports/imdashboard__IncidentManagementReports",
      "fullName": "imdashboard__IncidentManagementReports",
      "id": "00lHu000004mPDOIA2",
      "lastModifiedById": "005Hu00000SrqZhIAJ",
      "lastModifiedByName": "Tom Pallissery",
      "lastModifiedDate": "2025-03-06T05:58:32.000Z",
      "manageableState": "installed",
      "namespacePrefix": "imdashboard",
      "type": "ReportFolder"
    },
    {
      "createdById": "005Hu00000SrqZhIAJ",
      "createdByName": "Tom Pallissery",
      "createdDate": "2025-03-06T05:58:32.000Z",
      "fileName": "reports/SDO_Sales_ExecutiveReports",
      "fullName": "SDO_Sales_ExecutiveReports",
      "id": "00lHu000004mPDFIA2",
      "lastModifiedById": "005Hu00000SrqZhIAJ",
      "lastModifiedByName": "Tom Pallissery",
      "lastModifiedDate": "2025-03-06T05:58:32.000Z",
      "manageableState": "unmanaged",
      "type": "ReportFolder"
    },
    {
      "createdById": "005Hu00000SzKPoIAN",
      "createdByName": "Automated Process",
      "createdDate": "2025-03-06T05:58:32.000Z",
      "fileName": "reports/prm_winter24_ch_sales_reports_folderSPLIT1705131267290",
      "fullName": "prm_winter24_ch_sales_reports_folderSPLIT1705131267290",
      "id": "00lHu000004mPEdIAM",
      "lastModifiedById": "005Hu00000SzKPoIAN",
      "lastModifiedByName": "Automated Process",
      "lastModifiedDate": "2025-03-06T05:58:32.000Z",
      "manageableState": "unmanaged",
      "type": "ReportFolder"
    },
    {
      "createdById": "005Hu00000SrqZhIAJ",
      "createdByName": "Tom Pallissery",
      "createdDate": "2025-03-06T05:58:32.000Z",
      "fileName": "reports/Grantmaking",
      "fullName": "Grantmaking",
      "id": "00lHu000004mPEvIAM",
      "lastModifiedById": "005Hu00000SrqZhIAJ",
      "lastModifiedByName": "Tom Pallissery",
      "lastModifiedDate": "2025-03-06T05:58:32.000Z",
      "manageableState": "unmanaged",
      "type": "ReportFolder"
    },
    {
      "createdById": "005Hu00000SrqZhIAJ",
      "createdByName": "Tom Pallissery",
      "createdDate": "2025-03-06T05:58:32.000Z",
      "fileName": "reports/sbaa__AdvancedApprovalReports",
      "fullName": "sbaa__AdvancedApprovalReports",
      "id": "00lHu000004mPDeIAM",
      "lastModifiedById": "005Hu00000SrqZhIAJ",
      "lastModifiedByName": "Tom Pallissery",
      "lastModifiedDate": "2025-03-06T05:58:32.000Z",
      "manageableState": "installed",
      "namespacePrefix": "sbaa",
      "type": "ReportFolder"
    },
    {
      "createdById": "005Hu00000SrqZhIAJ",
      "createdByName": "Tom Pallissery",
      "createdDate": "2025-03-06T05:58:32.000Z",
      "fileName": "reports/SDO_CommerceReports",
      "fullName": "SDO_CommerceReports",
      "id": "00lHu000004mPDfIAM",
      "lastModifiedById": "005Hu00000SrqZhIAJ",
      "lastModifiedByName": "Tom Pallissery",
      "lastModifiedDate": "2025-03-06T05:58:32.000Z",
      "manageableState": "unmanaged",
      "type": "ReportFolder"
    },
    {
      "createdById": "005Hu00000SzKPoIAN",
      "createdByName": "Automated Process",
      "createdDate": "2025-03-06T05:58:32.000Z",
      "fileName": "reports/EnablementDashboardReports_Prm_sfdcSESv60",
      "fullName": "EnablementDashboardReports_Prm_sfdcSESv60",
      "id": "00lHu000004mPEmIAM",
      "lastModifiedById": "005Hu00000SzKPoIAN",
      "lastModifiedByName": "Automated Process",
      "lastModifiedDate": "2025-03-06T05:58:32.000Z",
      "manageableState": "unmanaged",
      "type": "ReportFolder"
    },
    {
      "createdById": "005Hu00000SrqZhIAJ",
      "createdByName": "Tom Pallissery",
      "createdDate": "2025-03-06T05:58:32.000Z",
      "fileName": "reports/et4ae5__ExactTarget_Subscriber_Reports",
      "fullName": "et4ae5__ExactTarget_Subscriber_Reports",
      "id": "00lHu000004mPDaIAM",
      "lastModifiedById": "005Hu00000SrqZhIAJ",
      "lastModifiedByName": "Tom Pallissery",
      "lastModifiedDate": "2025-03-06T05:58:32.000Z",
      "manageableState": "installed",
      "namespacePrefix": "et4ae5",
      "type": "ReportFolder"
    },
    {
      "createdById": "005Hu00000SrqZhIAJ",
      "createdByName": "Tom Pallissery",
      "createdDate": "2025-03-06T05:58:32.000Z",
      "fileName": "reports/ca_collab_2_0__Misc_Communities_Reports",
      "fullName": "ca_collab_2_0__Misc_Communities_Reports",
      "id": "00lHu000004mPDqIAM",
      "lastModifiedById": "005Hu00000SrqZhIAJ",
      "lastModifiedByName": "Tom Pallissery",
      "lastModifiedDate": "2025-03-06T05:58:32.000Z",
      "manageableState": "installed",
      "namespacePrefix": "ca_collab_2_0",
      "type": "ReportFolder"
    },
    {
      "createdById": "005Hu00000SrqZhIAJ",
      "createdByName": "Tom Pallissery",
      "createdDate": "2025-03-06T05:58:32.000Z",
      "fileName": "reports/ca_collab_2_0__SfdcCommunitiesPulseDefaultTopics_20",
      "fullName": "ca_collab_2_0__SfdcCommunitiesPulseDefaultTopics_20",
      "id": "00lHu000004mPE3IAM",
      "lastModifiedById": "005Hu00000SrqZhIAJ",
      "lastModifiedByName": "Tom Pallissery",
      "lastModifiedDate": "2025-03-06T05:58:32.000Z",
      "manageableState": "installed",
      "namespacePrefix": "ca_collab_2_0",
      "type": "ReportFolder"
    },
    {
      "createdById": "005Hu00000SrqZhIAJ",
      "createdByName": "Tom Pallissery",
      "createdDate": "2025-03-06T05:58:32.000Z",
      "fileName": "reports/ca_collab_2_0__SfdcCommunitiesPulseDefaultMFlagged",
      "fullName": "ca_collab_2_0__SfdcCommunitiesPulseDefaultMFlagged",
      "id": "00lHu000004mPDxIAM",
      "lastModifiedById": "005Hu00000SrqZhIAJ",
      "lastModifiedByName": "Tom Pallissery",
      "lastModifiedDate": "2025-03-06T05:58:32.000Z",
      "manageableState": "installed",
      "namespacePrefix": "ca_collab_2_0",
      "type": "ReportFolder"
    },
    {
      "createdById": "005Hu00000SrqZhIAJ",
      "createdByName": "Tom Pallissery",
      "createdDate": "2025-03-10T10:36:50.000Z",
      "fileName": "reports/VBDReports",
      "fullName": "VBDReports",
      "id": "00lHu000003xnVdIAI",
      "lastModifiedById": "005Hu00000SrqZhIAJ",
      "lastModifiedByName": "Tom Pallissery",
      "lastModifiedDate": "2025-03-13T06:32:45.000Z",
      "manageableState": "unmanaged",
      "type": "ReportFolder"
    },
    {
      "createdById": "005Hu00000SrqZhIAJ",
      "createdByName": "Tom Pallissery",
      "createdDate": "2025-03-06T05:58:32.000Z",
      "fileName": "reports/SDO_Scheduler_Reports",
      "fullName": "SDO_Scheduler_Reports",
      "id": "00lHu000004mPDXIA2",
      "lastModifiedById": "005Hu00000SrqZhIAJ",
      "lastModifiedByName": "Tom Pallissery",
      "lastModifiedDate": "2025-03-06T05:58:32.000Z",
      "manageableState": "unmanaged",
      "type": "ReportFolder"
    },
    {
      "createdById": "005Hu00000SrqZhIAJ",
      "createdByName": "Tom Pallissery",
      "createdDate": "2025-03-06T05:58:32.000Z",
      "fileName": "reports/FSL__Field_Service_Reports",
      "fullName": "FSL__Field_Service_Reports",
      "id": "00lHu000004mPD4IAM",
      "lastModifiedById": "005Hu00000SrqZhIAJ",
      "lastModifiedByName": "Tom Pallissery",
      "lastModifiedDate": "2025-03-06T05:58:32.000Z",
      "manageableState": "installed",
      "namespacePrefix": "FSL",
      "type": "ReportFolder"
    },
    {
      "createdById": "005Hu00000SzKPuIAN",
      "createdByName": "FSL",
      "createdDate": "2025-03-06T05:58:32.000Z",
      "fileName": "reports/FSL__FieldServiceWorkCapacityReports",
      "fullName": "FSL__FieldServiceWorkCapacityReports",
      "id": "00lHu000004mPEWIA2",
      "lastModifiedById": "005Hu00000SzKPuIAN",
      "lastModifiedByName": "FSL",
      "lastModifiedDate": "2025-03-06T05:58:32.000Z",
      "manageableState": "installed",
      "namespacePrefix": "FSL",
      "type": "ReportFolder"
    },
    {
      "createdById": "005Hu00000SrqZhIAJ",
      "createdByName": "Tom Pallissery",
      "createdDate": "2025-03-06T05:58:32.000Z",
      "fileName": "reports/SDO_Service_AgentReports",
      "fullName": "SDO_Service_AgentReports",
      "id": "00lHu000004mPD5IAM",
      "lastModifiedById": "005Hu00000SrqZhIAJ",
      "lastModifiedByName": "Tom Pallissery",
      "lastModifiedDate": "2025-03-06T05:58:32.000Z",
      "manageableState": "unmanaged",
      "type": "ReportFolder"
    },
    {
      "createdById": "005Hu00000SrqZhIAJ",
      "createdByName": "Tom Pallissery",
      "createdDate": "2025-03-06T05:58:32.000Z",
      "fileName": "reports/ca_collab_2_0__SfdcCommunitiesPulseDefaultActivity_20",
      "fullName": "ca_collab_2_0__SfdcCommunitiesPulseDefaultActivity_20",
      "id": "00lHu000004mPDrIAM",
      "lastModifiedById": "005Hu00000SrqZhIAJ",
      "lastModifiedByName": "Tom Pallissery",
      "lastModifiedDate": "2025-03-06T05:58:32.000Z",
      "manageableState": "installed",
      "namespacePrefix": "ca_collab_2_0",
      "type": "ReportFolder"
    },
    {
      "createdById": "005Hu00000SrqZhIAJ",
      "createdByName": "Tom Pallissery",
      "createdDate": "2025-03-06T05:58:32.000Z",
      "fileName": "reports/SDO_Marketing_ExecutiveReports",
      "fullName": "SDO_Marketing_ExecutiveReports",
      "id": "00lHu000004mPDgIAM",
      "lastModifiedById": "005Hu00000SrqZhIAJ",
      "lastModifiedByName": "Tom Pallissery",
      "lastModifiedDate": "2025-03-06T05:58:32.000Z",
      "manageableState": "unmanaged",
      "type": "ReportFolder"
    },
    {
      "createdById": "005Hu00000SrqZhIAJ",
      "createdByName": "Tom Pallissery",
      "createdDate": "2025-03-06T05:58:32.000Z",
      "fileName": "reports/FSL_Reports",
      "fullName": "FSL_Reports",
      "id": "00lHu000004mPDSIA2",
      "lastModifiedById": "005Hu00000SrqZhIAJ",
      "lastModifiedByName": "Tom Pallissery",
      "lastModifiedDate": "2025-03-06T05:58:32.000Z",
      "manageableState": "unmanaged",
      "type": "ReportFolder"
    },
    {
      "createdById": "005Hu00000SrqZhIAJ",
      "createdByName": "Tom Pallissery",
      "createdDate": "2025-03-06T05:58:32.000Z",
      "fileName": "reports/et4ae5__ExactTarget_Admin",
      "fullName": "et4ae5__ExactTarget_Admin",
      "id": "00lHu000004mPDZIA2",
      "lastModifiedById": "005Hu00000SrqZhIAJ",
      "lastModifiedByName": "Tom Pallissery",
      "lastModifiedDate": "2025-03-06T05:58:32.000Z",
      "manageableState": "installed",
      "namespacePrefix": "et4ae5",
      "type": "ReportFolder"
    },
    {
      "createdById": "005Hu00000SrqZhIAJ",
      "createdByName": "Tom Pallissery",
      "createdDate": "2025-03-06T05:58:32.000Z",
      "fileName": "reports/Channel_Management_Reports",
      "fullName": "Channel_Management_Reports",
      "id": "00lHu000004mPD6IAM",
      "lastModifiedById": "005Hu00000SrqZhIAJ",
      "lastModifiedByName": "Tom Pallissery",
      "lastModifiedDate": "2025-03-06T05:58:32.000Z",
      "manageableState": "unmanaged",
      "type": "ReportFolder"
    },
    {
      "createdById": "005Hu00000SrqZhIAJ",
      "createdByName": "Tom Pallissery",
      "createdDate": "1970-01-01T00:00:00.000Z",
      "fileName": "unfiled$public",
      "fullName": "unfiled$public",
      "id": "",
      "lastModifiedById": "005Hu00000SrqZhIAJ",
      "lastModifiedByName": "Tom Pallissery",
      "lastModifiedDate": "1970-01-01T00:00:00.000Z",
      "manageableState": "unmanaged",
      "namespacePrefix": "",
      "type": "ReportFolder"
    },
    {
      "createdById": "005Hu00000SzKPoIAN",
      "createdByName": "Automated Process",
      "createdDate": "2025-03-06T05:58:32.000Z",
      "fileName": "reports/EnablementDashboardReports_sfdcSESv56",
      "fullName": "EnablementDashboardReports_sfdcSESv56",
      "id": "00lHu000004mPD1IAM",
      "lastModifiedById": "005Hu00000SzKPoIAN",
      "lastModifiedByName": "Automated Process",
      "lastModifiedDate": "2025-03-06T05:58:32.000Z",
      "manageableState": "unmanaged",
      "type": "ReportFolder"
    },
    {
      "createdById": "005Hu00000SzKPoIAN",
      "createdByName": "Automated Process",
      "createdDate": "2025-03-06T05:58:32.000Z",
      "fileName": "reports/prm_channel_producivity_reports_folder",
      "fullName": "prm_channel_producivity_reports_folder",
      "id": "00lHu000004mPEVIA2",
      "lastModifiedById": "005Hu00000SzKPoIAN",
      "lastModifiedByName": "Automated Process",
      "lastModifiedDate": "2025-03-06T05:58:32.000Z",
      "manageableState": "unmanaged",
      "type": "ReportFolder"
    },
    {
      "createdById": "005Hu00000SzKPoIAN",
      "createdByName": "Automated Process",
      "createdDate": "2025-03-06T05:58:32.000Z",
      "fileName": "reports/EnablementDashboardReports_sfdcSESv57",
      "fullName": "EnablementDashboardReports_sfdcSESv57",
      "id": "00lHu000004mPEBIA2",
      "lastModifiedById": "005Hu00000SzKPoIAN",
      "lastModifiedByName": "Automated Process",
      "lastModifiedDate": "2025-03-06T05:58:32.000Z",
      "manageableState": "unmanaged",
      "type": "ReportFolder"
    },
    {
      "createdById": "005Hu00000SrqZhIAJ",
      "createdByName": "Tom Pallissery",
      "createdDate": "2025-03-06T05:58:32.000Z",
      "fileName": "reports/engage_reports__Engage_Reports",
      "fullName": "engage_reports__Engage_Reports",
      "id": "00lHu000004mPDkIAM",
      "lastModifiedById": "005Hu00000SrqZhIAJ",
      "lastModifiedByName": "Tom Pallissery",
      "lastModifiedDate": "2025-03-06T05:58:32.000Z",
      "manageableState": "installed",
      "namespacePrefix": "engage_reports",
      "type": "ReportFolder"
    },
    {
      "createdById": "005Hu00000SzKPoIAN",
      "createdByName": "Automated Process",
      "createdDate": "2025-03-06T05:58:32.000Z",
      "fileName": "reports/EnablementDashboardReports_sfdcSESv58",
      "fullName": "EnablementDashboardReports_sfdcSESv58",
      "id": "00lHu000004mPEJIA2",
      "lastModifiedById": "005Hu00000SzKPoIAN",
      "lastModifiedByName": "Automated Process",
      "lastModifiedDate": "2025-03-06T05:58:32.000Z",
      "manageableState": "unmanaged",
      "type": "ReportFolder"
    },
    {
      "createdById": "005Hu00000SrqZhIAJ",
      "createdByName": "Tom Pallissery",
      "createdDate": "2025-03-06T05:58:32.000Z",
      "fileName": "reports/aqi_ltng_mng__aqi_reports",
      "fullName": "aqi_ltng_mng__aqi_reports",
      "id": "00lHu000004mPDLIA2",
      "lastModifiedById": "005Hu00000SrqZhIAJ",
      "lastModifiedByName": "Tom Pallissery",
      "lastModifiedDate": "2025-03-06T05:58:32.000Z",
      "manageableState": "installed",
      "namespacePrefix": "aqi_ltng_mng",
      "type": "ReportFolder"
    },
    {
      "createdById": "005Hu00000SzKPoIAN",
      "createdByName": "Automated Process",
      "createdDate": "2025-03-06T05:58:32.000Z",
      "fileName": "reports/prm_spring24_ch_marketing_reports_folderSPLIT1705131267290",
      "fullName": "prm_spring24_ch_marketing_reports_folderSPLIT1705131267290",
      "id": "00lHu000004mPEfIAM",
      "lastModifiedById": "005Hu00000SzKPoIAN",
      "lastModifiedByName": "Automated Process",
      "lastModifiedDate": "2025-03-06T05:58:32.000Z",
      "manageableState": "unmanaged",
      "type": "ReportFolder"
    },
    {
      "createdById": "005Hu00000SrqZhIAJ",
      "createdByName": "Tom Pallissery",
      "createdDate": "2025-03-06T05:58:32.000Z",
      "fileName": "reports/ca_collab_2_0__SfdcCommunitiesPulseDefaultSelfService20",
      "fullName": "ca_collab_2_0__SfdcCommunitiesPulseDefaultSelfService20",
      "id": "00lHu000004mPE2IAM",
      "lastModifiedById": "005Hu00000SrqZhIAJ",
      "lastModifiedByName": "Tom Pallissery",
      "lastModifiedDate": "2025-03-06T05:58:32.000Z",
      "manageableState": "installed",
      "namespacePrefix": "ca_collab_2_0",
      "type": "ReportFolder"
    },
    {
      "createdById": "005Hu00000SzKPoIAN",
      "createdByName": "Automated Process",
      "createdDate": "2025-03-06T05:58:32.000Z",
      "fileName": "reports/EnablementDashboardReports_sfdcSESv59",
      "fullName": "EnablementDashboardReports_sfdcSESv59",
      "id": "00lHu000004mPERIA2",
      "lastModifiedById": "005Hu00000SzKPoIAN",
      "lastModifiedByName": "Automated Process",
      "lastModifiedDate": "2025-03-06T05:58:32.000Z",
      "manageableState": "unmanaged",
      "type": "ReportFolder"
    }
  ]
}