{
  "status": 0,
  "result": [
    {
      "createdById": "005Hu00000SrqZhIAJ",
      "createdByName": "Tom Pallissery",
      "createdDate": "2025-03-06T05:58:32.000Z",
      "fileName": "sharingSets/GPS_CCP.sharingSet",
      "fullName": "GPS_CCP",
      "id": "0H2Hu000000cQ4lKAE",
      "lastModifiedById": "005Hu00000SrqZhIAJ",
      "lastModifiedByName": "Tom Pallissery",
      "lastModifiedDate": "2025-03-06T05:58:32.000Z",
      "type": "SharingSet"
    },
    {
      "createdById": "005Hu00000SrqZhIAJ",
      "createdByName": "Tom Pallissery",
      "createdDate": "2025-03-06T05:58:32.000Z",
      "fileName": "sharingSets/Experience_PRM_PartnerShare.sharingSet",
      "fullName": "Experience_PRM_PartnerShare",
      "id": "0H2Hu000000cQ4kKAE",
      "lastModifiedById": "005Hu00000SrqZhIAJ",
      "lastModifiedByName": "Tom Pallissery",
      "lastModifiedDate": "2025-03-06T05:58:32.000Z",
      "type": "SharingSet"
    },
    {
      "createdById": "005Hu00000SrqZhIAJ",
      "createdByName": "Tom Pallissery",
      "createdDate": "2025-03-06T05:58:32.000Z",
      "fileName": "sharingSets/Users.sharingSet",
      "fullName": "Users",
      "id": "0H2Hu000000cQ4mKAE",
      "lastModifiedById": "005Hu00000SrqZhIAJ",
      "lastModifiedByName": "Tom Pallissery",
      "lastModifiedDate": "2025-03-06T05:58:32.000Z",
      "type": "SharingSet"
    },
    {
      "createdById": "005Hu00000SrqZhIAJ",
      "createdByName": "Tom Pallissery",
      "createdDate": "2025-03-06T05:58:32.000Z",
      "fileName": "sharingSets/Community_User_is_Contact_on_Case.sharingSet",
      "fullName": "Community_User_is_Contact_on_Case",
      "id": "0H2Hu000000cQ4jKAE",
      "lastModifiedById": "005Hu00000SrqZhIAJ",
      "lastModifiedByName": "Tom Pallissery",
      "lastModifiedDate": "2025-03-06T05:58:32.000Z",
      "type": "SharingSet"
    }
  ]
}