[{"_allAttributes":null,"_properties":null,"_methods":null,"file":"d:/VBD Demo Project/force-app/main/default/lwc/lpiPortal_Login/lpiPortal_Login.js","metadata":{"decorators":[],"classMembers":[{"name":"error","type":"property","loc":{"start":{"line":10,"column":4},"end":{"line":10,"column":10}}},{"name":"code","type":"property","loc":{"start":{"line":11,"column":4},"end":{"line":11,"column":9}}},{"name":"identifier","type":"property","loc":{"start":{"line":12,"column":4},"end":{"line":12,"column":15}}},{"name":"userId","type":"property","loc":{"start":{"line":13,"column":4},"end":{"line":13,"column":11}}},{"name":"emailAddress","type":"property","loc":{"start":{"line":14,"column":4},"end":{"line":14,"column":17}}},{"name":"password","type":"property","loc":{"start":{"line":15,"column":4},"end":{"line":15,"column":13}}},{"name":"startUrl","type":"property","loc":{"start":{"line":16,"column":4},"end":{"line":16,"column":13}}},{"name":"errorMessage","type":"property","loc":{"start":{"line":17,"column":4},"end":{"line":17,"column":17}}},{"name":"notificationMessage","type":"property","loc":{"start":{"line":18,"column":4},"end":{"line":18,"column":24}}},{"name":"showVerificationScreen","type":"property","value":{"type":"boolean","value":false},"loc":{"start":{"line":19,"column":4},"end":{"line":19,"column":35}}},{"name":"showPasswordScreen","type":"property","value":{"type":"boolean","value":false},"loc":{"start":{"line":20,"column":4},"end":{"line":20,"column":31}}},{"name":"showEmailOTPScreen","type":"property","value":{"type":"boolean","value":false},"loc":{"start":{"line":21,"column":4},"end":{"line":21,"column":31}}},{"name":"showNotificationMessage","type":"property","value":{"type":"boolean","value":false},"loc":{"start":{"line":22,"column":4},"end":{"line":22,"column":36}}},{"name":"showSuccessMessage","type":"property","value":{"type":"boolean","value":false},"loc":{"start":{"line":23,"column":4},"end":{"line":23,"column":31}}},{"name":"showErrorMessage","type":"property","value":{"type":"boolean","value":false},"loc":{"start":{"line":24,"column":4},"end":{"line":24,"column":29}}},{"name":"showLoader","type":"property","value":{"type":"boolean","value":false},"loc":{"start":{"line":25,"column":4},"end":{"line":25,"column":23}}},{"name":"loginLogo","type":"property","value":{"type":"unresolved"},"loc":{"start":{"line":27,"column":4},"end":{"line":27,"column":27}}},{"name":"handleFirstPageNext","type":"method","doc":"*******************************************************************************************\n    * Method Name  : handleFirstPageNext\n    * Description  : on first page verify user exist/present on database or not\n    * Author       : \n    * Created On   : 11-08-2023\n    * Modification : 13-09-2023\n    ***********************************************************************************************","loc":{"start":{"line":36,"column":4},"end":{"line":65,"column":5}}},{"name":"handleLoginwithPasswords","type":"method","doc":"*******************************************************************************************\n    * Method Name  : handleLoginwithPasswords\n    * Description  : login with password functionality\n    * Author       : \n    * Created On   : 11-08-2023\n    * Modification : 13-09-2023\n    ***********************************************************************************************","loc":{"start":{"line":74,"column":4},"end":{"line":95,"column":5}}},{"name":"handleSendOtp","type":"method","doc":"*******************************************************************************************\n    * Method Name  : handleSendOtp\n    * Description  : send OTP on registered email address\n    * Author       : \n    * Created On   : 11-08-2023\n    * Modification : 13-09-2023\n    ***********************************************************************************************","loc":{"start":{"line":104,"column":4},"end":{"line":122,"column":5}}},{"name":"handleVerifyUserCode","type":"method","doc":"*******************************************************************************************\n    * Method Name  : handleVerifyUserCode\n    * Description  : verify code is valid or not\n    * Author       : \n    * Created On   : 11-08-2023\n    * Modification : 13-09-2023\n    ***********************************************************************************************","loc":{"start":{"line":131,"column":4},"end":{"line":163,"column":5}}},{"name":"handleNavigateLoginPassword","type":"method","doc":"*******************************************************************************************\n    * Method Name  : handleNavigateLoginPassword\n    * Description  : Navigate to login with password screen\n    * Author       : \n    * Created On   : 11-08-2023\n    * Modification : 13-09-2023\n    ***********************************************************************************************","loc":{"start":{"line":173,"column":4},"end":{"line":179,"column":5}}},{"name":"handleNavigateToEmailOTP","type":"method","doc":"*******************************************************************************************\n    * Method Name  : handleNavigateToEmailOTP\n    * Description  : Navigate to email otp screen\n    * Author       : \n    * Created On   : 11-08-2023\n    * Modification : 13-09-2023\n    ***********************************************************************************************","loc":{"start":{"line":188,"column":4},"end":{"line":194,"column":5}}},{"name":"handleResendVerificationCode","type":"method","doc":"*******************************************************************************************\n    * Method Name  : handleResendVerificationCode\n    * Description  : resend verification code\n    * Author       : \n    * Created On   : 11-08-2023\n    * Modification : 13-09-2023\n    ***********************************************************************************************","loc":{"start":{"line":203,"column":4},"end":{"line":205,"column":5}}},{"name":"handleChangeButton","type":"method","doc":"*******************************************************************************************\n    * Method Name  : handleChangeButton\n    * Description  : method used for change buttton\n    * Author       : \n    * Created On   : 11-08-2023\n    * Modification : 13-09-2023\n    ***********************************************************************************************","loc":{"start":{"line":214,"column":4},"end":{"line":219,"column":5}}},{"name":"handleFieldBlur","type":"method","doc":"*******************************************************************************************\n    * Method Name  : handleFieldBlur\n    * Description  : After Username blur handle field values\n    * Author       : \n    * Created On   :05-05-2023\n    * Modification Log: \n    ***********************************************************************************************","loc":{"start":{"line":228,"column":4},"end":{"line":239,"column":5}}},{"name":"handleFieldChange","type":"method","doc":"*******************************************************************************************\n    * Method Name  : handleFieldChange\n    * Description  : this function is used to set username and password \n    * Author       : \n    * Created On   :\n    * Modification Log: \n    ***********************************************************************************************","loc":{"start":{"line":248,"column":4},"end":{"line":262,"column":5}}},{"name":"handleNavigateSignUp","type":"method","doc":"*******************************************************************************************\n    * Method Name  : handleNavigateSignUp\n    * Description  : this function is used to navigate to signUp page.\n    * Author       : \n    * Created On   :05-05-2023\n    * Modification Log: \n    ***********************************************************************************************","loc":{"start":{"line":271,"column":4},"end":{"line":273,"column":5}}},{"name":"handleNavigateToForgotPassword","type":"method","doc":"*******************************************************************************************\n    * Method Name  : handleNavigateToForgotPassword\n    * Description  : this function is used to navigate to signUp page.\n    * Author       : \n    * Created On   :05-05-2023\n    * Modification Log: \n    ***********************************************************************************************","loc":{"start":{"line":282,"column":4},"end":{"line":284,"column":5}}},{"name":"handleNavigateToCaseCreation","type":"method","doc":"*******************************************************************************************\n    * Method Name  : handleNavigateToForgotPassword\n    * Description  : this function is used to navigate to signUp page.\n    * Author       : \n    * Created On   :05-05-2023\n    * Modification Log: \n    ***********************************************************************************************","loc":{"start":{"line":294,"column":4},"end":{"line":296,"column":5}}},{"name":"redirectToCommunityPage","type":"property","value":{"type":"unresolved"},"doc":"*******************************************************************************************\n    * Method Name  : redirectToCommunityPage\n    * Description  : this function is used for navigation\n    * Author       : \n    * Created On   :05-05-2023\n    * Modification Log: \n    ***********************************************************************************************","loc":{"start":{"line":305,"column":4},"end":{"line":323,"column":5}}},{"name":"redirectToCommunityCustomPage","type":"property","value":{"type":"unresolved"},"loc":{"start":{"line":325,"column":4},"end":{"line":341,"column":5}}},{"name":"DismissOtpNotification","type":"method","doc":"*******************************************************************************************\n    * Method Name  : DismissOtpNotification\n    * Description  : notification message disappear after 3 sec\n    * Author       : \n    * Created On   :05-05-2023\n    * Modification Log: \n    ***********************************************************************************************","loc":{"start":{"line":351,"column":4},"end":{"line":356,"column":5}}},{"name":"DismissErrorNotification","type":"method","doc":"*******************************************************************************************\n    * Method Name  : DismissErrorNotification\n    * Description  : Error message disappear after 3 sec\n    * Author       : \n    * Created On   :05-05-2023\n    * Modification Log: \n    ***********************************************************************************************","loc":{"start":{"line":365,"column":4},"end":{"line":370,"column":5}}},{"name":"isInputValid","type":"method","doc":"*******************************************************************************************\n    * Method Name  : isInputValid\n    * Description  : validate Input\n    * Author       : \n    * Created On   :05-05-2023\n    * Modification Log: \n    ***********************************************************************************************","loc":{"start":{"line":379,"column":4},"end":{"line":389,"column":5}}},{"name":"setErrorMessage","type":"method","doc":"*******************************************************************************************\n    * Method Name  : setErrorMessage\n    * Description  : error function\n    * Author       : \n    * Created On   :05-05-2023\n    * Modification Log: \n    ***********************************************************************************************","loc":{"start":{"line":398,"column":4},"end":{"line":401,"column":5}}},{"name":"setNotificationMessage","type":"method","doc":"*******************************************************************************************\n    * Method Name  : setNotificationMessage\n    * Description  : Notification function\n    * Author       : \n    * Created On   :05-05-2023\n    * Modification Log: \n    ***********************************************************************************************","loc":{"start":{"line":410,"column":4},"end":{"line":413,"column":5}}}],"declarationLoc":{"start":{"line":8,"column":0},"end":{"line":414,"column":1}},"doc":"","exports":[{"type":"ExportDefaultDeclaration"}]},"updatedAt":"2025-03-17T01:36:53.014Z"},{"_allAttributes":null,"_properties":null,"_methods":null,"file":"d:/VBD Demo Project/force-app/main/default/lwc/utility/utility.js","metadata":{"decorators":[{"type":"api","targets":[{"name":"record","type":"property","value":{"type":"object","value":{}}},{"type":"method","name":"getRecordDetails"},{"type":"method","name":"setRecordDetails"},{"type":"method","name":"skipAllValidations"},{"type":"method","name":"enableAllValidations"},{"type":"method","name":"skipInputValidations"},{"type":"method","name":"enableInputValidations"},{"type":"method","name":"skipCustomValidations"},{"type":"method","name":"enableCustomValidations"}]},{"type":"track","targets":[{"name":"recordLocal","type":"property"},{"name":"txtAreaChar","type":"property"},{"name":"txtAreaCharSuspectCombination","type":"property"},{"name":"txtAreaCharSuspectAddInfo","type":"property"},{"name":"txtAreaCharEmployer","type":"property"}]}],"classMembers":[{"name":"record","type":"property","value":{"type":"object","value":{}},"decorator":"api","loc":{"start":{"line":11,"column":4},"end":{"line":11,"column":21}}},{"name":"recordLocal","type":"property","value":{"type":"object","value":{}},"decorator":"track","loc":{"start":{"line":13,"column":4},"end":{"line":13,"column":28}}},{"name":"txtAreaChar","type":"property","decorator":"track","loc":{"start":{"line":14,"column":4},"end":{"line":14,"column":30}}},{"name":"txtAreaCharSuspectCombination","type":"property","decorator":"track","loc":{"start":{"line":15,"column":4},"end":{"line":15,"column":48}}},{"name":"txtAreaCharSuspectAddInfo","type":"property","decorator":"track","loc":{"start":{"line":16,"column":4},"end":{"line":16,"column":44}}},{"name":"txtAreaCharEmployer","type":"property","decorator":"track","loc":{"start":{"line":17,"column":4},"end":{"line":17,"column":38}}},{"name":"showLoader","type":"property","value":{"type":"boolean","value":false},"loc":{"start":{"line":20,"column":4},"end":{"line":20,"column":23}}},{"name":"skipInputFieldValidation","type":"property","value":{"type":"boolean","value":false},"loc":{"start":{"line":22,"column":4},"end":{"line":22,"column":37}}},{"name":"skipCustomLogicValidation","type":"property","value":{"type":"boolean","value":false},"loc":{"start":{"line":23,"column":4},"end":{"line":23,"column":38}}},{"name":"hasInitiated","type":"property","value":{"type":"boolean","value":false},"loc":{"start":{"line":25,"column":4},"end":{"line":25,"column":25}}},{"name":"connectedCallback","type":"method","loc":{"start":{"line":29,"column":4},"end":{"line":47,"column":5}}},{"name":"getURLParameter","type":"method","loc":{"start":{"line":52,"column":4},"end":{"line":54,"column":5}}},{"name":"initializeRecordVariable","type":"method","loc":{"start":{"line":59,"column":4},"end":{"line":63,"column":5}}},{"name":"fieldChanged","type":"method","loc":{"start":{"line":68,"column":4},"end":{"line":82,"column":5}}},{"name":"fieldChecked","type":"method","loc":{"start":{"line":87,"column":4},"end":{"line":89,"column":5}}},{"name":"allInputsValidated","type":"property","value":{"type":"boolean","value":true},"loc":{"start":{"line":91,"column":4},"end":{"line":91,"column":30}}},{"name":"getRecordDetails","type":"method","decorator":"api","loc":{"start":{"line":96,"column":4},"end":{"line":122,"column":5}}},{"name":"handleTextAreaKeyUp","type":"method","loc":{"start":{"line":124,"column":4},"end":{"line":129,"column":5}}},{"name":"handleCapitalize","type":"method","loc":{"start":{"line":131,"column":4},"end":{"line":145,"column":5}}},{"name":"handlekeychange","type":"method","loc":{"start":{"line":147,"column":4},"end":{"line":155,"column":5}}},{"name":"findUnique","type":"method","loc":{"start":{"line":156,"column":4},"end":{"line":169,"column":5}}},{"name":"handlePhoneValidation","type":"method","loc":{"start":{"line":170,"column":4},"end":{"line":228,"column":5}}},{"name":"validateBirthDate","type":"method","loc":{"start":{"line":232,"column":4},"end":{"line":283,"column":5}}},{"name":"handleTextAreaValidation","type":"method","loc":{"start":{"line":286,"column":4},"end":{"line":305,"column":5}}},{"name":"validateEmail","type":"method","loc":{"start":{"line":308,"column":4},"end":{"line":322,"column":5}}},{"name":"validateBusinessAccount","type":"method","loc":{"start":{"line":324,"column":4},"end":{"line":361,"column":5}}},{"name":"handleEmailBlur","type":"method","loc":{"start":{"line":363,"column":4},"end":{"line":384,"column":5}}},{"name":"setRecordDetails","type":"method","decorator":"api","loc":{"start":{"line":389,"column":4},"end":{"line":392,"column":5}}},{"name":"skipAllValidations","type":"method","decorator":"api","loc":{"start":{"line":397,"column":4},"end":{"line":401,"column":5}}},{"name":"enableAllValidations","type":"method","decorator":"api","loc":{"start":{"line":406,"column":4},"end":{"line":410,"column":5}}},{"name":"skipInputValidations","type":"method","decorator":"api","loc":{"start":{"line":415,"column":4},"end":{"line":418,"column":5}}},{"name":"enableInputValidations","type":"method","decorator":"api","loc":{"start":{"line":423,"column":4},"end":{"line":426,"column":5}}},{"name":"skipCustomValidations","type":"method","decorator":"api","loc":{"start":{"line":431,"column":4},"end":{"line":434,"column":5}}},{"name":"enableCustomValidations","type":"method","decorator":"api","loc":{"start":{"line":439,"column":4},"end":{"line":442,"column":5}}},{"name":"redirectToCommunityHome","type":"property","value":{"type":"unresolved"},"loc":{"start":{"line":447,"column":4},"end":{"line":454,"column":5}}},{"name":"redirectToCommunityCustomPage","type":"property","value":{"type":"unresolved"},"loc":{"start":{"line":459,"column":4},"end":{"line":475,"column":5}}},{"name":"logoutCommunityUser","type":"property","value":{"type":"unresolved"},"loc":{"start":{"line":480,"column":4},"end":{"line":487,"column":5}}},{"name":"redirectToCommunityLoginPage","type":"property","value":{"type":"unresolved"},"loc":{"start":{"line":492,"column":4},"end":{"line":499,"column":5}}},{"name":"navigateRecordViewPage","type":"property","value":{"type":"unresolved"},"loc":{"start":{"line":504,"column":4},"end":{"line":512,"column":5}}},{"name":"navigateRecordInNewTab","type":"property","value":{"type":"unresolved"},"loc":{"start":{"line":516,"column":4},"end":{"line":531,"column":5}}},{"name":"navigateToObjectListView","type":"property","value":{"type":"unresolved"},"loc":{"start":{"line":535,"column":4},"end":{"line":546,"column":5}}},{"name":"showNotification","type":"property","value":{"type":"unresolved"},"loc":{"start":{"line":551,"column":4},"end":{"line":559,"column":6}}},{"name":"showSuccessNotification","type":"property","value":{"type":"unresolved"},"loc":{"start":{"line":564,"column":4},"end":{"line":571,"column":6}}},{"name":"showErrorNotification","type":"property","value":{"type":"unresolved"},"loc":{"start":{"line":576,"column":4},"end":{"line":583,"column":6}}},{"name":"executeAction","type":"property","value":{"type":"unresolved"},"loc":{"start":{"line":588,"column":4},"end":{"line":606,"column":6}}},{"name":"validateInputs","type":"method","loc":{"start":{"line":611,"column":4},"end":{"line":618,"column":5}}},{"name":"setFieldsToBlank","type":"method","loc":{"start":{"line":623,"column":4},"end":{"line":625,"column":5}}},{"name":"triggerHeaderFooterEvent","type":"method","loc":{"start":{"line":627,"column":4},"end":{"line":630,"column":5}}}],"declarationLoc":{"start":{"line":9,"column":0},"end":{"line":631,"column":1}},"doc":"","exports":[{"type":"ExportDefaultDeclaration"}]},"updatedAt":"2025-03-17T01:36:52.958Z"},{"_allAttributes":null,"_properties":null,"_methods":null,"file":"d:/VBD Demo Project/force-app/main/default/lwc/vbdBonusTypeSelection/vbdBonusTypeSelection.js","metadata":{"decorators":[{"type":"track","targets":[{"name":"allBounsType","type":"property"},{"name":"selectedBounsType","type":"property"},{"name":"bounsName","type":"property"},{"name":"bonusTypesList","type":"property"},{"name":"searchTerm","type":"property"}]}],"classMembers":[{"name":"allBounsType","type":"property","decorator":"track","loc":{"start":{"line":6,"column":4},"end":{"line":6,"column":28}}},{"name":"selectedBounsType","type":"property","decorator":"track","loc":{"start":{"line":7,"column":4},"end":{"line":7,"column":29}}},{"name":"bounsName","type":"property","decorator":"track","loc":{"start":{"line":8,"column":4},"end":{"line":8,"column":21}}},{"name":"bonusTypesList","type":"property","decorator":"track","loc":{"start":{"line":9,"column":4},"end":{"line":9,"column":26}}},{"name":"searchTerm","type":"property","decorator":"track","loc":{"start":{"line":10,"column":4},"end":{"line":10,"column":27}}},{"name":"initData","type":"method","loc":{"start":{"line":12,"column":4},"end":{"line":23,"column":5}}},{"name":"handleRadioChange","type":"method","loc":{"start":{"line":25,"column":4},"end":{"line":31,"column":5}}},{"name":"performSearch","type":"method","loc":{"start":{"line":32,"column":4},"end":{"line":47,"column":5}}},{"name":"handlePermitTypeSelection","type":"method","loc":{"start":{"line":49,"column":4},"end":{"line":67,"column":5}}}],"declarationLoc":{"start":{"line":5,"column":0},"end":{"line":68,"column":1}},"doc":"","exports":[{"type":"ExportDefaultDeclaration"}]},"updatedAt":"2025-03-17T01:36:53.011Z"},{"_allAttributes":null,"_properties":null,"_methods":null,"file":"d:/VBD Demo Project/force-app/main/default/lwc/vbdPortalCreateCase/vbdPortalCreateCase.js","metadata":{"decorators":[{"type":"track","targets":[{"name":"isLoading","type":"property"},{"name":"recordId","type":"property"},{"name":"showBonusClaimLookUp","type":"property"},{"name":"bonusClaimName","type":"property"},{"name":"bonusClaim","type":"property"}]}],"classMembers":[{"name":"isLoading","type":"property","value":{"type":"boolean","value":false},"decorator":"track","loc":{"start":{"line":9,"column":4},"end":{"line":9,"column":29}}},{"name":"recordId","type":"property","decorator":"track","loc":{"start":{"line":10,"column":4},"end":{"line":10,"column":20}}},{"name":"showBonusClaimLookUp","type":"property","value":{"type":"boolean","value":false},"decorator":"track","loc":{"start":{"line":11,"column":4},"end":{"line":11,"column":40}}},{"name":"bonusClaimName","type":"property","decorator":"track","loc":{"start":{"line":12,"column":4},"end":{"line":12,"column":26}}},{"name":"recordLocal","type":"property","value":{"type":"object","value":{}},"loc":{"start":{"line":13,"column":4},"end":{"line":13,"column":21}}},{"name":"isGuestUser","type":"property","value":{"type":"boolean","value":false},"loc":{"start":{"line":14,"column":4},"end":{"line":14,"column":24}}},{"name":"correctUserId","type":"property","value":{"type":"unresolved"},"loc":{"start":{"line":15,"column":4},"end":{"line":15,"column":28}}},{"name":"contactDetail","type":"property","value":{"type":"object","value":{}},"loc":{"start":{"line":16,"column":4},"end":{"line":16,"column":23}}},{"name":"bonusClaim","type":"property","decorator":"track","loc":{"start":{"line":17,"column":4},"end":{"line":17,"column":22}}},{"name":"dateNow","type":"property","value":{"type":"unresolved"},"loc":{"start":{"line":18,"column":4},"end":{"line":18,"column":25}}},{"name":"connectedCallback","type":"method","loc":{"start":{"line":21,"column":4},"end":{"line":33,"column":5}}},{"name":"processParametersAfterS","type":"method","loc":{"start":{"line":35,"column":4},"end":{"line":57,"column":5}}},{"name":"getParametersAfterS","type":"method","loc":{"start":{"line":59,"column":4},"end":{"line":66,"column":5}}},{"name":"fetchBonusClaimDetails","type":"method","loc":{"start":{"line":68,"column":4},"end":{"line":78,"column":5}}},{"name":"handletogetContactDetail","type":"method","loc":{"start":{"line":79,"column":4},"end":{"line":92,"column":5}}},{"name":"fieldChanged","type":"method","loc":{"start":{"line":94,"column":4},"end":{"line":104,"column":5}}},{"name":"handleCreateCase","type":"method","loc":{"start":{"line":106,"column":4},"end":{"line":137,"column":5}}},{"name":"showToast","type":"method","loc":{"start":{"line":140,"column":4},"end":{"line":147,"column":5}}}],"declarationLoc":{"start":{"line":8,"column":0},"end":{"line":148,"column":1}},"doc":"","exports":[{"type":"ExportDefaultDeclaration"}]},"updatedAt":"2025-03-17T01:36:52.960Z"},{"_allAttributes":null,"_properties":null,"_methods":null,"file":"d:/VBD Demo Project/force-app/main/default/lwc/vbdPortalSignUp/vbdPortalSignUp.js","metadata":{"decorators":[{"type":"track","targets":[{"name":"showLoader","type":"property"},{"name":"errorMessage","type":"property"},{"name":"confirmPassword","type":"property"},{"name":"genderOptions","type":"property"},{"name":"showStep1","type":"property"},{"name":"showStep2","type":"property"}]}],"classMembers":[{"name":"showLoader","type":"property","value":{"type":"boolean","value":false},"decorator":"track","loc":{"start":{"line":10,"column":4},"end":{"line":10,"column":30}}},{"name":"showSuccessMessage","type":"property","value":{"type":"boolean","value":false},"loc":{"start":{"line":11,"column":4},"end":{"line":11,"column":31}}},{"name":"showErrorMessage","type":"property","value":{"type":"boolean","value":false},"loc":{"start":{"line":12,"column":4},"end":{"line":12,"column":29}}},{"name":"errorMessage","type":"property","decorator":"track","loc":{"start":{"line":13,"column":4},"end":{"line":13,"column":24}}},{"name":"confirmPassword","type":"property","decorator":"track","loc":{"start":{"line":14,"column":4},"end":{"line":14,"column":27}}},{"name":"genderOptions","type":"property","decorator":"track","loc":{"start":{"line":15,"column":4},"end":{"line":15,"column":30}}},{"name":"showStep1","type":"property","value":{"type":"boolean","value":true},"decorator":"track","loc":{"start":{"line":17,"column":4},"end":{"line":17,"column":28}}},{"name":"showStep2","type":"property","value":{"type":"boolean","value":false},"decorator":"track","loc":{"start":{"line":18,"column":4},"end":{"line":18,"column":29}}},{"name":"GenderOption","type":"property","loc":{"start":{"line":19,"column":4},"end":{"line":19,"column":17}}},{"name":"genderOptions","type":"property","loc":{"start":{"line":21,"column":4},"end":{"line":24,"column":59}}},{"name":"initData","type":"method","loc":{"start":{"line":39,"column":4},"end":{"line":42,"column":5}}},{"name":"handleContinue","type":"method","loc":{"start":{"line":44,"column":4},"end":{"line":53,"column":5}}},{"name":"setErrorMessage","type":"method","loc":{"start":{"line":55,"column":4},"end":{"line":58,"column":5}}},{"name":"DismissErrorNotification","type":"method","loc":{"start":{"line":60,"column":4},"end":{"line":65,"column":5}}},{"name":"fieldChanged","type":"method","loc":{"start":{"line":68,"column":4},"end":{"line":72,"column":5}}},{"name":"handleGenderOptions","type":"method","loc":{"start":{"line":74,"column":4},"end":{"line":78,"column":5}}},{"name":"signUp","type":"method","loc":{"start":{"line":80,"column":4},"end":{"line":113,"column":5}}},{"name":"phoneFieldChanged","type":"method","loc":{"start":{"line":115,"column":4},"end":{"line":118,"column":5}}},{"name":"handleAccountPhoneValidation","type":"method","loc":{"start":{"line":120,"column":4},"end":{"line":136,"column":5}}},{"name":"navigateSignIn","type":"method","loc":{"start":{"line":138,"column":4},"end":{"line":146,"column":5}}}],"declarationLoc":{"start":{"line":8,"column":0},"end":{"line":156,"column":1}},"doc":"","exports":[{"type":"ExportDefaultDeclaration"}]},"updatedAt":"2025-03-17T01:36:52.999Z"},{"_allAttributes":null,"_properties":null,"_methods":null,"file":"d:/VBD Demo Project/force-app/main/default/lwc/vbdSelectBonusType/vbdSelectBonusType.js","metadata":{"decorators":[],"classMembers":[],"declarationLoc":{"start":{"line":2,"column":0},"end":{"line":4,"column":1}},"doc":"","exports":[{"type":"ExportDefaultDeclaration"}]},"updatedAt":"2025-03-17T01:36:52.982Z"},{"_allAttributes":null,"_properties":null,"_methods":null,"file":"d:/VBD Demo Project/force-app/main/default/lwc/vBD_MyProfileComponent/vBD_MyProfileComponent.js","metadata":{"decorators":[{"type":"wire","targets":[{"type":"method","name":"getPageReferenceParameters","static":{},"params":{},"adapter":{"name":"CurrentPageReference","reference":"lightning/navigation"}},{"type":"method","name":"wiredPicklistValues","static":{},"params":{},"adapter":{"name":"getNameChangesPicklistValues","reference":"@salesforce/apex/VBD_MyProfileController.getNameChangesPicklistValues"}},{"type":"method","name":"wiredGenderPicklist","static":{},"params":{},"adapter":{"name":"getPersonGenderIdentityPicklistValues","reference":"@salesforce/apex/VBD_MyProfileController.getPersonGenderIdentityPicklistValues"}},{"type":"method","name":"wiredHowDidPicklist","static":{},"params":{},"adapter":{"name":"getPersonHowDidPicklistValues","reference":"@salesforce/apex/VBD_MyProfileController.getPersonHowDidPicklistValues"}},{"type":"method","name":"wiredAreYouPicklist","static":{},"params":{},"adapter":{"name":"getAreYouOutOfCountryPicklistValues","reference":"@salesforce/apex/VBD_MyProfileController.getAreYouOutOfCountryPicklistValues"}}]},{"type":"track","targets":[{"name":"isSaving","type":"property"},{"name":"isSave","type":"property"},{"name":"save","type":"property"},{"name":"account","type":"property"},{"name":"error","type":"property"},{"name":"nameChangesOptions","type":"property"},{"name":"genderOptions","type":"property"},{"name":"howDidOptions","type":"property"},{"name":"alternateOptions","type":"property"},{"name":"recordLocal","type":"property"},{"name":"contactInfoLoader","type":"property"},{"name":"addressInfoLoader","type":"property"},{"name":"alternateContactInfoLoader","type":"property"}]}],"classMembers":[{"name":"isSaving","type":"property","value":{"type":"boolean","value":false},"decorator":"track","loc":{"start":{"line":14,"column":4},"end":{"line":14,"column":28}}},{"name":"isSave","type":"property","value":{"type":"boolean","value":false},"decorator":"track","loc":{"start":{"line":15,"column":4},"end":{"line":15,"column":26}}},{"name":"save","type":"property","value":{"type":"boolean","value":false},"decorator":"track","loc":{"start":{"line":16,"column":4},"end":{"line":16,"column":24}}},{"name":"account","type":"property","value":{"type":"object","value":{}},"decorator":"track","loc":{"start":{"line":17,"column":4},"end":{"line":17,"column":24}}},{"name":"error","type":"property","decorator":"track","loc":{"start":{"line":18,"column":4},"end":{"line":18,"column":17}}},{"name":"nameChangesOptions","type":"property","decorator":"track","loc":{"start":{"line":19,"column":4},"end":{"line":19,"column":35}}},{"name":"genderOptions","type":"property","decorator":"track","loc":{"start":{"line":20,"column":4},"end":{"line":20,"column":30}}},{"name":"howDidOptions","type":"property","decorator":"track","loc":{"start":{"line":21,"column":4},"end":{"line":21,"column":29}}},{"name":"alternateOptions","type":"property","decorator":"track","loc":{"start":{"line":22,"column":4},"end":{"line":22,"column":33}}},{"name":"recordLocal","type":"property","value":{"type":"object","value":{}},"decorator":"track","loc":{"start":{"line":23,"column":4},"end":{"line":23,"column":28}}},{"name":"isLoader","type":"property","value":{"type":"boolean","value":true},"loc":{"start":{"line":24,"column":4},"end":{"line":24,"column":20}}},{"name":"contactInfoLoader","type":"property","value":{"type":"boolean","value":false},"decorator":"track","loc":{"start":{"line":25,"column":4},"end":{"line":25,"column":37}}},{"name":"addressInfoLoader","type":"property","value":{"type":"boolean","value":false},"decorator":"track","loc":{"start":{"line":26,"column":4},"end":{"line":26,"column":37}}},{"name":"alternateContactInfoLoader","type":"property","value":{"type":"boolean","value":false},"decorator":"track","loc":{"start":{"line":27,"column":4},"end":{"line":27,"column":46}}},{"name":"getPageReferenceParameters","type":"method","decorator":"wire","loc":{"start":{"line":29,"column":1},"end":{"line":35,"column":5}}},{"name":"getAccountDetailsFromBackend","type":"method","loc":{"start":{"line":37,"column":4},"end":{"line":49,"column":5}}},{"name":"wiredPicklistValues","type":"method","decorator":"wire","loc":{"start":{"line":63,"column":4},"end":{"line":72,"column":5}}},{"name":"wiredGenderPicklist","type":"method","decorator":"wire","loc":{"start":{"line":74,"column":4},"end":{"line":83,"column":5}}},{"name":"wiredHowDidPicklist","type":"method","decorator":"wire","loc":{"start":{"line":85,"column":4},"end":{"line":94,"column":5}}},{"name":"wiredAreYouPicklist","type":"method","decorator":"wire","loc":{"start":{"line":96,"column":4},"end":{"line":105,"column":5}}},{"name":"handleCancle","type":"method","loc":{"start":{"line":107,"column":4},"end":{"line":110,"column":5}}},{"name":"handleInputChange","type":"method","loc":{"start":{"line":112,"column":4},"end":{"line":137,"column":5}}},{"name":"handleSubmit","type":"method","loc":{"start":{"line":139,"column":4},"end":{"line":180,"column":5}}},{"name":"handleEdit","type":"method","loc":{"start":{"line":182,"column":4},"end":{"line":201,"column":5}}},{"name":"updateRecordLocalData","type":"method","loc":{"start":{"line":203,"column":4},"end":{"line":212,"column":5}}},{"name":"showToast","type":"method","loc":{"start":{"line":214,"column":4},"end":{"line":216,"column":5}}},{"name":"isNameChanged","type":"property","loc":{"start":{"line":217,"column":4},"end":{"line":219,"column":5}}},{"name":"isAreyouChanged","type":"property","loc":{"start":{"line":221,"column":4},"end":{"line":223,"column":5}}},{"name":"getrecordLocal","type":"property","loc":{"start":{"line":225,"column":4},"end":{"line":227,"column":5}}},{"name":"getLoder","type":"property","loc":{"start":{"line":229,"column":4},"end":{"line":231,"column":5}}},{"name":"defaultCountry","type":"property","loc":{"start":{"line":232,"column":3},"end":{"line":234,"column":5}}}],"declarationLoc":{"start":{"line":13,"column":0},"end":{"line":235,"column":1}},"doc":"","exports":[{"type":"ExportDefaultDeclaration"}]},"updatedAt":"2025-03-17T01:40:55.625Z"},{"_allAttributes":null,"_properties":null,"_methods":null,"file":"d:/VBD Demo Project/force-app/main/default/lwc/vBD_portalHeader/vBD_portalHeader.js","metadata":{"decorators":[{"type":"wire","targets":[{"type":"method","name":"userDetails","static":{"recordId":{"type":"unresolved"},"fields":{"type":"array","value":[null,null,null,null]}},"params":{},"adapter":{"name":"getRecord","reference":"lightning/uiRecordApi"}}]},{"type":"track","targets":[{"name":"userRecord","type":"property"},{"name":"isLoggedInUser","type":"property"}]}],"classMembers":[{"name":"userId","type":"property","value":{"type":"unresolved"},"loc":{"start":{"line":11,"column":4},"end":{"line":11,"column":16}}},{"name":"clickedButtonLabel","type":"property","loc":{"start":{"line":12,"column":4},"end":{"line":12,"column":23}}},{"name":"spokaneLogo","type":"property","value":{"type":"unresolved"},"loc":{"start":{"line":13,"column":5},"end":{"line":13,"column":28}}},{"name":"userRecord","type":"property","value":{"type":"object","value":{}},"decorator":"track","loc":{"start":{"line":15,"column":4},"end":{"line":15,"column":27}}},{"name":"isLoggedInUser","type":"property","value":{"type":"boolean","value":false},"decorator":"track","loc":{"start":{"line":16,"column":4},"end":{"line":16,"column":34}}},{"name":"connectedCallback","type":"method","loc":{"start":{"line":18,"column":4},"end":{"line":22,"column":5}}},{"name":"handleClick","type":"method","loc":{"start":{"line":25,"column":4},"end":{"line":27,"column":5}}},{"name":"userDetails","type":"method","decorator":"wire","loc":{"start":{"line":29,"column":4},"end":{"line":39,"column":5}}},{"name":"toggleProfile","type":"method","loc":{"start":{"line":41,"column":4},"end":{"line":58,"column":5}}},{"name":"handleProfileClose","type":"method","loc":{"start":{"line":60,"column":4},"end":{"line":66,"column":5}}},{"name":"handleProfile","type":"method","loc":{"start":{"line":69,"column":4},"end":{"line":73,"column":5}}},{"name":"logoutUser","type":"method","loc":{"start":{"line":75,"column":4},"end":{"line":79,"column":5}}},{"name":"redirectToCart","type":"method","loc":{"start":{"line":81,"column":4},"end":{"line":83,"column":5}}},{"name":"redirectToMyApplications","type":"method","loc":{"start":{"line":85,"column":4},"end":{"line":87,"column":5}}},{"name":"redirectToMyInquiries","type":"method","loc":{"start":{"line":89,"column":4},"end":{"line":91,"column":5}}},{"name":"redirectToMyRecords","type":"method","loc":{"start":{"line":93,"column":4},"end":{"line":95,"column":5}}},{"name":"redirectToMyCollections","type":"method","loc":{"start":{"line":97,"column":4},"end":{"line":99,"column":5}}},{"name":"redirectToMyDashboard","type":"method","loc":{"start":{"line":100,"column":4},"end":{"line":102,"column":5}}},{"name":"redirectToMyRegulatorycodeviolations","type":"method","loc":{"start":{"line":103,"column":4},"end":{"line":105,"column":5}}},{"name":"redirectToHomePage","type":"method","loc":{"start":{"line":107,"column":4},"end":{"line":109,"column":5}}}],"declarationLoc":{"start":{"line":10,"column":0},"end":{"line":112,"column":1}},"doc":"","exports":[{"type":"ExportDefaultDeclaration"}]},"updatedAt":"2025-03-17T01:36:52.990Z"},{"_allAttributes":null,"_properties":null,"_methods":null,"file":"d:/VBD Demo Project/force-app/main/default/lwc/vBD_portalPreFooter/vBD_portalPreFooter.js","metadata":{"decorators":[],"classMembers":[{"name":"spokaneLogo","type":"property","value":{"type":"unresolved"},"loc":{"start":{"line":5,"column":3},"end":{"line":5,"column":26}}}],"declarationLoc":{"start":{"line":4,"column":0},"end":{"line":6,"column":1}},"doc":"","exports":[{"type":"ExportDefaultDeclaration"}]},"updatedAt":"2025-03-17T01:41:01.037Z"},{"_allAttributes":null,"_properties":null,"_methods":null,"file":"d:/VBD Demo Project/force-app/main/default/lwc/vbdDocumentUploade/vbdDocumentUploade.js","metadata":{"decorators":[{"type":"api","targets":[{"name":"recordId","type":"property","value":{"type":"unresolved"}}]},{"type":"track","targets":[{"name":"showLoader","type":"property"},{"name":"classificationOptions","type":"property"},{"name":"isModalOpen","type":"property"},{"name":"recordLocal","type":"property"},{"name":"fileIds","type":"property"},{"name":"documentData","type":"property"},{"name":"isRequired","type":"property"},{"name":"classificationValue","type":"property"},{"name":"documents","type":"property"},{"name":"fileUploaded","type":"property"},{"name":"attachDocModal","type":"property"},{"name":"showAttachButton","type":"property"},{"name":"selectedDocumentIds","type":"property"},{"name":"selectedContentDocumentIds","type":"property"},{"name":"documentDataContact","type":"property"},{"name":"myProfilePage","type":"property"},{"name":"hideNewButton","type":"property"},{"name":"bonusClaimDetail","type":"property"}]}],"classMembers":[{"name":"recordId","type":"property","value":{"type":"unresolved"},"decorator":"api","loc":{"start":{"line":15,"column":4},"end":{"line":15,"column":18}}},{"name":"showLoader","type":"property","value":{"type":"boolean","value":false},"decorator":"track","loc":{"start":{"line":17,"column":4},"end":{"line":17,"column":30}}},{"name":"userId","type":"property","value":{"type":"unresolved"},"loc":{"start":{"line":18,"column":4},"end":{"line":18,"column":16}}},{"name":"isPortalUser","type":"property","value":{"type":"boolean","value":false},"loc":{"start":{"line":19,"column":4},"end":{"line":19,"column":25}}},{"name":"classificationOptions","type":"property","decorator":"track","loc":{"start":{"line":20,"column":4},"end":{"line":20,"column":38}}},{"name":"isModalOpen","type":"property","value":{"type":"boolean","value":false},"decorator":"track","loc":{"start":{"line":21,"column":4},"end":{"line":21,"column":31}}},{"name":"recordLocal","type":"property","value":{"type":"object","value":{}},"decorator":"track","loc":{"start":{"line":22,"column":4},"end":{"line":22,"column":28}}},{"name":"fileIds","type":"property","decorator":"track","loc":{"start":{"line":23,"column":4},"end":{"line":23,"column":24}}},{"name":"documentData","type":"property","decorator":"track","loc":{"start":{"line":24,"column":4},"end":{"line":24,"column":29}}},{"name":"isRequired","type":"property","decorator":"track","loc":{"start":{"line":25,"column":4},"end":{"line":25,"column":27}}},{"name":"classificationValue","type":"property","decorator":"track","loc":{"start":{"line":26,"column":4},"end":{"line":26,"column":36}}},{"name":"documents","type":"property","decorator":"track","loc":{"start":{"line":27,"column":4},"end":{"line":27,"column":26}}},{"name":"fileUploaded","type":"property","value":{"type":"boolean","value":false},"decorator":"track","loc":{"start":{"line":28,"column":4},"end":{"line":28,"column":32}}},{"name":"attachDocModal","type":"property","value":{"type":"boolean","value":false},"decorator":"track","loc":{"start":{"line":29,"column":4},"end":{"line":29,"column":34}}},{"name":"showAttachButton","type":"property","value":{"type":"boolean","value":false},"decorator":"track","loc":{"start":{"line":30,"column":4},"end":{"line":30,"column":36}}},{"name":"selectedDocumentIds","type":"property","decorator":"track","loc":{"start":{"line":31,"column":4},"end":{"line":31,"column":36}}},{"name":"selectedContentDocumentIds","type":"property","decorator":"track","loc":{"start":{"line":32,"column":4},"end":{"line":32,"column":43}}},{"name":"documentDataContact","type":"property","decorator":"track","loc":{"start":{"line":33,"column":4},"end":{"line":33,"column":36}}},{"name":"myProfilePage","type":"property","value":{"type":"boolean","value":false},"decorator":"track","loc":{"start":{"line":34,"column":4},"end":{"line":34,"column":32}}},{"name":"hideNewButton","type":"property","value":{"type":"boolean","value":false},"decorator":"track","loc":{"start":{"line":35,"column":4},"end":{"line":35,"column":33}}},{"name":"bonusClaimDetail","type":"property","decorator":"track","loc":{"start":{"line":36,"column":4},"end":{"line":36,"column":28}}},{"name":"error","type":"property","loc":{"start":{"line":37,"column":4},"end":{"line":37,"column":10}}},{"name":"optionsreq","type":"property","loc":{"start":{"line":39,"column":4},"end":{"line":44,"column":5}}},{"name":"acceptedFormats","type":"property","loc":{"start":{"line":46,"column":4},"end":{"line":48,"column":5}}},{"name":"connectedCallback","type":"method","loc":{"start":{"line":50,"column":4},"end":{"line":56,"column":5}}},{"name":"processParametersAfterS","type":"method","loc":{"start":{"line":58,"column":4},"end":{"line":87,"column":5}}},{"name":"getParametersAfterS","type":"method","loc":{"start":{"line":89,"column":4},"end":{"line":95,"column":5}}},{"name":"getBonusClaim","type":"method","loc":{"start":{"line":97,"column":4},"end":{"line":111,"column":5}}},{"name":"fetchDocumentsData","type":"method","loc":{"start":{"line":114,"column":4},"end":{"line":125,"column":5}}},{"name":"fetchDocumentsDataContact","type":"method","loc":{"start":{"line":127,"column":4},"end":{"line":138,"column":5}}},{"name":"checkPortalUser","type":"method","loc":{"start":{"line":140,"column":4},"end":{"line":150,"column":5}}},{"name":"openAttachDocModal","type":"method","loc":{"start":{"line":152,"column":4},"end":{"line":158,"column":5}}},{"name":"handleAttachCloseModal","type":"method","loc":{"start":{"line":160,"column":4},"end":{"line":162,"column":5}}},{"name":"handleCheckboxChange","type":"method","loc":{"start":{"line":164,"column":4},"end":{"line":181,"column":5}}},{"name":"handleAttachDoc","type":"method","loc":{"start":{"line":183,"column":4},"end":{"line":207,"column":5}}},{"name":"getDocuments","type":"method","loc":{"start":{"line":209,"column":4},"end":{"line":223,"column":5}}},{"name":"handleNewDocRecord","type":"method","loc":{"start":{"line":225,"column":4},"end":{"line":229,"column":5}}},{"name":"handlePreviewFileClick","type":"method","loc":{"start":{"line":231,"column":4},"end":{"line":238,"column":5}}},{"name":"handleDownloadFileClick","type":"method","loc":{"start":{"line":240,"column":4},"end":{"line":247,"column":5}}},{"name":"handleDeleteFileClick","type":"method","loc":{"start":{"line":249,"column":4},"end":{"line":262,"column":5}}},{"name":"navigateToWebPage","type":"method","loc":{"start":{"line":264,"column":4},"end":{"line":272,"column":5}}},{"name":"handleClassification","type":"method","loc":{"start":{"line":274,"column":4},"end":{"line":285,"column":5}}},{"name":"handleUploadFinished","type":"method","loc":{"start":{"line":287,"column":4},"end":{"line":300,"column":5}}},{"name":"createNewDoc","type":"method","loc":{"start":{"line":302,"column":4},"end":{"line":305,"column":5}}},{"name":"handleSave","type":"method","loc":{"start":{"line":307,"column":4},"end":{"line":339,"column":5}}},{"name":"validateInputs","type":"method","loc":{"start":{"line":341,"column":4},"end":{"line":346,"column":5}}},{"name":"showToast","type":"method","loc":{"start":{"line":348,"column":4},"end":{"line":357,"column":5}}},{"name":"handleClose","type":"method","loc":{"start":{"line":359,"column":4},"end":{"line":361,"column":5}}}],"declarationLoc":{"start":{"line":14,"column":0},"end":{"line":363,"column":1}},"doc":"","exports":[{"type":"ExportDefaultDeclaration"}]},"updatedAt":"2025-03-17T01:36:52.954Z"},{"_allAttributes":null,"_properties":null,"_methods":null,"file":"d:/VBD Demo Project/force-app/main/default/lwc/vbdServiceHistoryPortal/vbdServiceHistoryPortal.js","metadata":{"decorators":[{"type":"track","targets":[{"name":"Type_of_Service_Option","type":"property"},{"name":"Service_Grade_Option","type":"property"},{"name":"Character_of_Service_Option","type":"property"},{"name":"BranchofServiceOption","type":"property"},{"name":"record","type":"property"},{"name":"isShowModal","type":"property"},{"name":"contactId","type":"property"},{"name":"serviceHistoryList1","type":"property"},{"name":"showLoader","type":"property"},{"name":"showTable","type":"property"},{"name":"dutyField","type":"property"},{"name":"hideAddServiceHistoryButton","type":"property"},{"name":"hideActionColumn","type":"property"}]}],"classMembers":[{"name":"Type_of_Service_Option","type":"property","decorator":"track","loc":{"start":{"line":15,"column":4},"end":{"line":19,"column":6}}},{"name":"Service_Grade_Option","type":"property","decorator":"track","loc":{"start":{"line":20,"column":4},"end":{"line":28,"column":6}}},{"name":"Character_of_Service_Option","type":"property","decorator":"track","loc":{"start":{"line":29,"column":4},"end":{"line":35,"column":6}}},{"name":"BranchofServiceOption","type":"property","decorator":"track","loc":{"start":{"line":36,"column":4},"end":{"line":44,"column":6}}},{"name":"record","type":"property","value":{"type":"object","value":{}},"decorator":"track","loc":{"start":{"line":45,"column":4},"end":{"line":45,"column":23}}},{"name":"isShowModal","type":"property","value":{"type":"boolean","value":false},"decorator":"track","loc":{"start":{"line":46,"column":4},"end":{"line":46,"column":31}}},{"name":"contactId","type":"property","decorator":"track","loc":{"start":{"line":47,"column":4},"end":{"line":47,"column":26}}},{"name":"serviceHistoryList1","type":"property","decorator":"track","loc":{"start":{"line":48,"column":4},"end":{"line":48,"column":34}}},{"name":"showLoader","type":"property","value":{"type":"boolean","value":false},"decorator":"track","loc":{"start":{"line":49,"column":4},"end":{"line":49,"column":30}}},{"name":"showTable","type":"property","value":{"type":"boolean","value":false},"decorator":"track","loc":{"start":{"line":50,"column":4},"end":{"line":50,"column":29}}},{"name":"dutyField","type":"property","value":{"type":"boolean","value":false},"decorator":"track","loc":{"start":{"line":51,"column":4},"end":{"line":51,"column":29}}},{"name":"hideAddServiceHistoryButton","type":"property","value":{"type":"boolean","value":false},"decorator":"track","loc":{"start":{"line":52,"column":4},"end":{"line":52,"column":47}}},{"name":"hideActionColumn","type":"property","value":{"type":"boolean","value":false},"decorator":"track","loc":{"start":{"line":53,"column":4},"end":{"line":53,"column":36}}},{"name":"fieldChanged","type":"method","loc":{"start":{"line":57,"column":4},"end":{"line":67,"column":1}}},{"name":"hideModalBox","type":"method","loc":{"start":{"line":69,"column":4},"end":{"line":77,"column":5}}},{"name":"handleClearContact","type":"method","loc":{"start":{"line":79,"column":4},"end":{"line":85,"column":5}}},{"name":"initData","type":"method","loc":{"start":{"line":87,"column":4},"end":{"line":91,"column":5}}},{"name":"processParametersAfterS","type":"method","loc":{"start":{"line":93,"column":4},"end":{"line":105,"column":5}}},{"name":"getParametersAfterS","type":"method","loc":{"start":{"line":107,"column":4},"end":{"line":113,"column":5}}},{"name":"getUserAccDetails","type":"method","loc":{"start":{"line":115,"column":4},"end":{"line":130,"column":5}}},{"name":"handleContinue","type":"method","loc":{"start":{"line":132,"column":4},"end":{"line":154,"column":5}}},{"name":"handleOpenModal","type":"method","loc":{"start":{"line":156,"column":4},"end":{"line":158,"column":5}}},{"name":"handleClick","type":"method","loc":{"start":{"line":160,"column":4},"end":{"line":179,"column":5}}}],"declarationLoc":{"start":{"line":13,"column":0},"end":{"line":181,"column":1}},"doc":"","exports":[{"type":"ExportDefaultDeclaration"}]},"updatedAt":"2025-03-17T01:36:53.006Z"},{"_allAttributes":null,"_properties":null,"_methods":null,"file":"d:/VBD Demo Project/force-app/main/default/lwc/vbdAssignReviewers/vbdAssignReviewers.js","metadata":{"decorators":[{"type":"api","targets":[{"name":"recordId","type":"property","value":{"type":"unresolved"}}]},{"type":"track","targets":[{"name":"columns","type":"property"},{"name":"cordinatersList","type":"property"},{"name":"selectedCodinator","type":"property"},{"name":"showErrorMessage","type":"property"}]}],"classMembers":[{"name":"columns","type":"property","decorator":"track","loc":{"start":{"line":7,"column":4},"end":{"line":10,"column":6}}},{"name":"cordinatersList","type":"property","decorator":"track","loc":{"start":{"line":11,"column":4},"end":{"line":11,"column":30}}},{"name":"recordId","type":"property","value":{"type":"unresolved"},"decorator":"api","loc":{"start":{"line":12,"column":4},"end":{"line":12,"column":18}}},{"name":"selectedCodinator","type":"property","decorator":"track","loc":{"start":{"line":13,"column":4},"end":{"line":13,"column":29}}},{"name":"showErrorMessage","type":"property","value":{"type":"boolean","value":false},"decorator":"track","loc":{"start":{"line":14,"column":4},"end":{"line":14,"column":35}}},{"name":"initData","type":"method","loc":{"start":{"line":16,"column":4},"end":{"line":27,"column":5}}},{"name":"selectedRow","type":"method","loc":{"start":{"line":28,"column":4},"end":{"line":32,"column":5}}},{"name":"handleAssign","type":"method","loc":{"start":{"line":33,"column":4},"end":{"line":56,"column":5}}}],"declarationLoc":{"start":{"line":6,"column":0},"end":{"line":57,"column":1}},"doc":"","exports":[{"type":"ExportDefaultDeclaration"}]},"updatedAt":"2025-03-17T01:36:52.967Z"},{"_allAttributes":null,"_properties":null,"_methods":null,"file":"d:/VBD Demo Project/force-app/main/default/lwc/vbdAssignReviewersTable/vbdAssignReviewersTable.js","metadata":{"decorators":[{"type":"track","targets":[{"name":"showBcRecord","type":"property"},{"name":"showCordinate","type":"property"},{"name":"bonusClaimRecList","type":"property"},{"name":"cordinatersList","type":"property"},{"name":"bcshowErrorMessage","type":"property"},{"name":"selectedRowsList","type":"property"},{"name":"selectedCodinator","type":"property"},{"name":"showLoader","type":"property"},{"name":"bonusClaimColumns","type":"property"},{"name":"columns","type":"property"}]}],"classMembers":[{"name":"showBcRecord","type":"property","value":{"type":"boolean","value":true},"decorator":"track","loc":{"start":{"line":8,"column":4},"end":{"line":8,"column":31}}},{"name":"showCordinate","type":"property","value":{"type":"boolean","value":false},"decorator":"track","loc":{"start":{"line":9,"column":4},"end":{"line":9,"column":33}}},{"name":"bonusClaimRecList","type":"property","decorator":"track","loc":{"start":{"line":10,"column":4},"end":{"line":10,"column":34}}},{"name":"cordinatersList","type":"property","decorator":"track","loc":{"start":{"line":11,"column":4},"end":{"line":11,"column":32}}},{"name":"bcshowErrorMessage","type":"property","value":{"type":"boolean","value":false},"decorator":"track","loc":{"start":{"line":13,"column":4},"end":{"line":13,"column":38}}},{"name":"selectedRowsList","type":"property","decorator":"track","loc":{"start":{"line":14,"column":4},"end":{"line":14,"column":33}}},{"name":"selectedCodinator","type":"property","decorator":"track","loc":{"start":{"line":15,"column":4},"end":{"line":15,"column":29}}},{"name":"showLoader","type":"property","value":{"type":"boolean","value":false},"decorator":"track","loc":{"start":{"line":16,"column":4},"end":{"line":16,"column":30}}},{"name":"bonusClaimColumns","type":"property","decorator":"track","loc":{"start":{"line":17,"column":4},"end":{"line":22,"column":6}}},{"name":"columns","type":"property","decorator":"track","loc":{"start":{"line":23,"column":5},"end":{"line":26,"column":6}}},{"name":"initData","type":"method","loc":{"start":{"line":27,"column":4},"end":{"line":31,"column":5}}},{"name":"handleRefresh","type":"method","loc":{"start":{"line":33,"column":4},"end":{"line":37,"column":5}}},{"name":"getCoordinatersMethod","type":"method","loc":{"start":{"line":38,"column":4},"end":{"line":50,"column":5}}},{"name":"getBonusClaimRecordMethod","type":"method","loc":{"start":{"line":51,"column":4},"end":{"line":66,"column":5}}},{"name":"handleNext","type":"method","loc":{"start":{"line":68,"column":4},"end":{"line":88,"column":5}}},{"name":"handleDismiss","type":"method","loc":{"start":{"line":90,"column":4},"end":{"line":93,"column":5}}},{"name":"handleAssign","type":"method","loc":{"start":{"line":94,"column":4},"end":{"line":120,"column":5}}},{"name":"selectedRow","type":"method","loc":{"start":{"line":122,"column":7},"end":{"line":126,"column":5}}}],"declarationLoc":{"start":{"line":7,"column":0},"end":{"line":129,"column":1}},"doc":"","exports":[{"type":"ExportDefaultDeclaration"}]},"updatedAt":"2025-03-17T01:36:52.949Z"},{"_allAttributes":null,"_properties":null,"_methods":null,"file":"d:/VBD Demo Project/force-app/main/default/lwc/vbdBonusClaimPreview/vbdBonusClaimPreview.js","metadata":{"decorators":[{"type":"track","targets":[{"name":"showLoader","type":"property"},{"name":"recordLocal","type":"property"},{"name":"bounsName","type":"property"},{"name":"showSignature","type":"property"},{"name":"currentUserSignatureId","type":"property"},{"name":"claimId","type":"property"},{"name":"showCheckBox","type":"property"},{"name":"showCheckBox2","type":"property"},{"name":"disableButton","type":"property"},{"name":"userId","type":"property"},{"name":"alternateRecordData","type":"property"},{"name":"selectedALternateContact","type":"property"},{"name":"contactData","type":"property"},{"name":"applicataRecData","type":"property"},{"name":"showAlternateContact","type":"property"},{"name":"serviceHistoryList1","type":"property"},{"name":"showTable","type":"property"},{"name":"serviceTypeOptions","type":"property"},{"name":"baseShipOptions","type":"property"},{"name":"countryBodyOptions","type":"property"}]}],"classMembers":[{"name":"showLoader","type":"property","decorator":"track","loc":{"start":{"line":29,"column":4},"end":{"line":29,"column":22}}},{"name":"recordLocal","type":"property","value":{"type":"object","value":{}},"decorator":"track","loc":{"start":{"line":30,"column":4},"end":{"line":30,"column":28}}},{"name":"bounsName","type":"property","decorator":"track","loc":{"start":{"line":31,"column":4},"end":{"line":31,"column":21}}},{"name":"showSignature","type":"property","value":{"type":"boolean","value":false},"decorator":"track","loc":{"start":{"line":32,"column":4},"end":{"line":32,"column":33}}},{"name":"currentUserSignatureId","type":"property","decorator":"track","loc":{"start":{"line":33,"column":4},"end":{"line":33,"column":34}}},{"name":"claimId","type":"property","decorator":"track","loc":{"start":{"line":34,"column":4},"end":{"line":34,"column":19}}},{"name":"showCheckBox","type":"property","value":{"type":"boolean","value":false},"decorator":"track","loc":{"start":{"line":35,"column":4},"end":{"line":35,"column":32}}},{"name":"showCheckBox2","type":"property","value":{"type":"boolean","value":false},"decorator":"track","loc":{"start":{"line":36,"column":4},"end":{"line":36,"column":33}}},{"name":"disableButton","type":"property","value":{"type":"boolean","value":true},"decorator":"track","loc":{"start":{"line":37,"column":4},"end":{"line":37,"column":32}}},{"name":"userId","type":"property","value":{"type":"unresolved"},"decorator":"track","loc":{"start":{"line":39,"column":4},"end":{"line":39,"column":23}}},{"name":"alternateRecordData","type":"property","value":{"type":"object","value":{}},"decorator":"track","loc":{"start":{"line":40,"column":4},"end":{"line":40,"column":36}}},{"name":"selectedALternateContact","type":"property","decorator":"track","loc":{"start":{"line":41,"column":4},"end":{"line":41,"column":36}}},{"name":"contactData","type":"property","value":{"type":"object","value":{}},"decorator":"track","loc":{"start":{"line":42,"column":4},"end":{"line":42,"column":28}}},{"name":"applicataRecData","type":"property","value":{"type":"object","value":{}},"decorator":"track","loc":{"start":{"line":43,"column":4},"end":{"line":43,"column":33}}},{"name":"showAlternateContact","type":"property","value":{"type":"boolean","value":false},"decorator":"track","loc":{"start":{"line":44,"column":4},"end":{"line":44,"column":40}}},{"name":"serviceHistoryList1","type":"property","decorator":"track","loc":{"start":{"line":45,"column":4},"end":{"line":45,"column":36}}},{"name":"showTable","type":"property","value":{"type":"boolean","value":false},"decorator":"track","loc":{"start":{"line":46,"column":4},"end":{"line":46,"column":29}}},{"name":"initData","type":"method","loc":{"start":{"line":48,"column":4},"end":{"line":55,"column":5}}},{"name":"serviceTypeOptions","type":"property","decorator":"track","loc":{"start":{"line":58,"column":4},"end":{"line":60,"column":86}}},{"name":"baseShipOptions","type":"property","decorator":"track","loc":{"start":{"line":61,"column":4},"end":{"line":65,"column":90}}},{"name":"countryBodyOptions","type":"property","decorator":"track","loc":{"start":{"line":66,"column":4},"end":{"line":70,"column":54}}},{"name":"getBounsCaimRecord","type":"method","loc":{"start":{"line":72,"column":4},"end":{"line":87,"column":5}}},{"name":"showSubmitbutton","type":"property","loc":{"start":{"line":89,"column":4},"end":{"line":94,"column":5}}},{"name":"redirectToJobLocationEdit","type":"method","loc":{"start":{"line":96,"column":4},"end":{"line":102,"column":5}}},{"name":"redirectToApplicationInfoEdit","type":"method","loc":{"start":{"line":104,"column":4},"end":{"line":108,"column":5}}},{"name":"redirectToServiceHistoryEdit","type":"method","loc":{"start":{"line":110,"column":4},"end":{"line":114,"column":5}}},{"name":"hanblesprevious","type":"method","loc":{"start":{"line":116,"column":4},"end":{"line":118,"column":5}}},{"name":"addEvents","type":"method","loc":{"start":{"line":121,"column":4},"end":{"line":127,"column":5}}},{"name":"handleMouseMove","type":"method","loc":{"start":{"line":134,"column":4},"end":{"line":137,"column":5}}},{"name":"handleMouseDown","type":"method","loc":{"start":{"line":139,"column":4},"end":{"line":142,"column":5}}},{"name":"handleMouseUp","type":"method","loc":{"start":{"line":144,"column":4},"end":{"line":147,"column":5}}},{"name":"handleMouseOut","type":"method","loc":{"start":{"line":149,"column":4},"end":{"line":152,"column":5}}},{"name":"handleClearClick","type":"method","loc":{"start":{"line":154,"column":4},"end":{"line":158,"column":5}}},{"name":"searchCoordinatesForEvent","type":"method","loc":{"start":{"line":160,"column":4},"end":{"line":180,"column":5}}},{"name":"setupCoordinate","type":"method","loc":{"start":{"line":183,"column":4},"end":{"line":191,"column":5}}},{"name":"redraw","type":"method","loc":{"start":{"line":194,"column":4},"end":{"line":203,"column":5}}},{"name":"drawDot","type":"method","loc":{"start":{"line":206,"column":4},"end":{"line":212,"column":5}}},{"name":"renderedCallback","type":"method","loc":{"start":{"line":214,"column":4},"end":{"line":227,"column":5}}},{"name":"signIt","type":"method","loc":{"start":{"line":228,"column":4},"end":{"line":234,"column":5}}},{"name":"handleCheckBox","type":"method","loc":{"start":{"line":235,"column":4},"end":{"line":239,"column":5}}},{"name":"handleCheckBox2","type":"method","loc":{"start":{"line":240,"column":4},"end":{"line":251,"column":5}}},{"name":"sendEmail","type":"method","loc":{"start":{"line":253,"column":4},"end":{"line":262,"column":5}}},{"name":"hanbleContinue","type":"method","loc":{"start":{"line":265,"column":4},"end":{"line":291,"column":5}}},{"name":"updateBonusClaim","type":"method","loc":{"start":{"line":303,"column":4},"end":{"line":314,"column":5}}},{"name":"getApplicantData","type":"method","loc":{"start":{"line":316,"column":4},"end":{"line":335,"column":5}}},{"name":"getAalternateConatactData","type":"method","loc":{"start":{"line":337,"column":4},"end":{"line":349,"column":5}}},{"name":"getUserAccDetails","type":"method","loc":{"start":{"line":351,"column":4},"end":{"line":366,"column":5}}}],"declarationLoc":{"start":{"line":28,"column":0},"end":{"line":367,"column":1}},"doc":"","exports":[{"type":"ExportDefaultDeclaration"}]},"updatedAt":"2025-03-17T01:36:52.964Z"},{"_allAttributes":null,"_properties":null,"_methods":null,"file":"d:/VBD Demo Project/force-app/main/default/lwc/vbdBonusClaimServiceHistory/vbdBonusClaimServiceHistory.js","metadata":{"decorators":[{"type":"track","targets":[{"name":"claimId","type":"property"},{"name":"showLoader","type":"property"},{"name":"bounsClaimRec","type":"property"},{"name":"bounsName","type":"property"}]}],"classMembers":[{"name":"claimId","type":"property","decorator":"track","loc":{"start":{"line":6,"column":4},"end":{"line":6,"column":19}}},{"name":"showLoader","type":"property","decorator":"track","loc":{"start":{"line":7,"column":4},"end":{"line":7,"column":22}}},{"name":"bounsClaimRec","type":"property","value":{"type":"object","value":{}},"decorator":"track","loc":{"start":{"line":8,"column":4},"end":{"line":8,"column":29}}},{"name":"bounsName","type":"property","decorator":"track","loc":{"start":{"line":9,"column":4},"end":{"line":9,"column":21}}},{"name":"initData","type":"method","loc":{"start":{"line":10,"column":4},"end":{"line":13,"column":5}}},{"name":"getBounsClaimRecord","type":"method","loc":{"start":{"line":15,"column":4},"end":{"line":30,"column":5}}},{"name":"renderedCallback","type":"method","loc":{"start":{"line":32,"column":4},"end":{"line":40,"column":5}}},{"name":"hanbleContinue","type":"method","loc":{"start":{"line":45,"column":4},"end":{"line":47,"column":5}}},{"name":"hanblesprevious","type":"method","loc":{"start":{"line":48,"column":4},"end":{"line":65,"column":5}}}],"declarationLoc":{"start":{"line":5,"column":0},"end":{"line":67,"column":1}},"doc":"","exports":[{"type":"ExportDefaultDeclaration"}]},"updatedAt":"2025-03-17T01:36:53.024Z"},{"_allAttributes":null,"_properties":null,"_methods":null,"file":"d:/VBD Demo Project/force-app/main/default/lwc/vbdSignature/vbdSignature.js","metadata":{"decorators":[{"type":"track","targets":[{"name":"showCheckBox","type":"property"},{"name":"showCheckBox2","type":"property"},{"name":"recordLocal","type":"property"},{"name":"bounsClaimRec","type":"property"},{"name":"bounsName","type":"property"},{"name":"showLoader","type":"property"},{"name":"claimId","type":"property"}]}],"classMembers":[{"name":"showCheckBox","type":"property","value":{"type":"boolean","value":false},"decorator":"track","loc":{"start":{"line":20,"column":4},"end":{"line":20,"column":32}}},{"name":"showCheckBox2","type":"property","value":{"type":"boolean","value":false},"decorator":"track","loc":{"start":{"line":21,"column":4},"end":{"line":21,"column":33}}},{"name":"recordLocal","type":"property","value":{"type":"object","value":{}},"decorator":"track","loc":{"start":{"line":22,"column":4},"end":{"line":22,"column":27}}},{"name":"bounsClaimRec","type":"property","value":{"type":"object","value":{}},"decorator":"track","loc":{"start":{"line":23,"column":4},"end":{"line":23,"column":29}}},{"name":"bounsName","type":"property","decorator":"track","loc":{"start":{"line":24,"column":4},"end":{"line":24,"column":21}}},{"name":"showLoader","type":"property","value":{"type":"boolean","value":false},"decorator":"track","loc":{"start":{"line":25,"column":4},"end":{"line":25,"column":30}}},{"name":"claimId","type":"property","decorator":"track","loc":{"start":{"line":26,"column":4},"end":{"line":26,"column":19}}},{"name":"initData","type":"method","loc":{"start":{"line":27,"column":4},"end":{"line":30,"column":5}}},{"name":"renderedCallback","type":"method","loc":{"start":{"line":40,"column":4},"end":{"line":48,"column":5}}},{"name":"getBounsCaimRecord","type":"method","loc":{"start":{"line":51,"column":4},"end":{"line":67,"column":5}}},{"name":"hanblesprevious","type":"method","loc":{"start":{"line":182,"column":4},"end":{"line":184,"column":5}}},{"name":"hanbleContinue","type":"method","loc":{"start":{"line":185,"column":4},"end":{"line":210,"column":1}}}],"declarationLoc":{"start":{"line":19,"column":0},"end":{"line":211,"column":1}},"doc":"","exports":[{"type":"ExportDefaultDeclaration"}]},"updatedAt":"2025-03-17T01:41:10.979Z"},{"_allAttributes":null,"_properties":null,"_methods":null,"file":"d:/VBD Demo Project/force-app/main/default/lwc/vbdPortalSignature/vbdPortalSignature.js","metadata":{"decorators":[{"type":"api","targets":[{"name":"recordId","type":"property","value":{"type":"unresolved"}},{"name":"ContentVersionData","type":"property","value":{"type":"unresolved"}},{"name":"contentVersionId","type":"property","value":{"type":"unresolved"}},{"name":"headerText","type":"property","value":{"type":"string","value":"Enter Your Signature"}},{"type":"method","name":"validateSign"}]},{"type":"track","targets":[{"name":"signText","type":"property"}]}],"classMembers":[{"name":"recordId","type":"property","value":{"type":"unresolved"},"decorator":"api","loc":{"start":{"line":22,"column":4},"end":{"line":22,"column":18}}},{"name":"showSignature","type":"property","value":{"type":"boolean","value":false},"loc":{"start":{"line":23,"column":4},"end":{"line":23,"column":26}}},{"name":"ContentVersionData","type":"property","value":{"type":"unresolved"},"decorator":"api","loc":{"start":{"line":24,"column":4},"end":{"line":24,"column":28}}},{"name":"contentVersionId","type":"property","value":{"type":"unresolved"},"decorator":"api","loc":{"start":{"line":25,"column":4},"end":{"line":25,"column":26}}},{"name":"fileName","type":"property","loc":{"start":{"line":26,"column":4},"end":{"line":26,"column":13}}},{"name":"headerText","type":"property","value":{"type":"string","value":"Enter Your Signature"},"decorator":"api","loc":{"start":{"line":27,"column":4},"end":{"line":27,"column":43}}},{"name":"name","type":"property","loc":{"start":{"line":28,"column":4},"end":{"line":28,"column":9}}},{"name":"signText","type":"property","decorator":"track","loc":{"start":{"line":29,"column":4},"end":{"line":29,"column":25}}},{"name":"isSpinner","type":"property","value":{"type":"boolean","value":false},"loc":{"start":{"line":30,"column":4},"end":{"line":30,"column":22}}},{"name":"currentUserSignatureId","type":"property","loc":{"start":{"line":31,"column":4},"end":{"line":31,"column":27}}},{"name":"currentSignatureVerId","type":"property","loc":{"start":{"line":32,"column":4},"end":{"line":32,"column":26}}},{"name":"newFileWasUploaded","type":"property","value":{"type":"boolean","value":false},"loc":{"start":{"line":33,"column":4},"end":{"line":33,"column":31}}},{"name":"uploadedFilesUrl","type":"property","loc":{"start":{"line":34,"column":4},"end":{"line":34,"column":26}}},{"name":"addEvents","type":"method","loc":{"start":{"line":35,"column":4},"end":{"line":43,"column":5}}},{"name":"connectedCallback","type":"method","loc":{"start":{"line":45,"column":0},"end":{"line":47,"column":1}}},{"name":"currentsignature","type":"method","loc":{"start":{"line":48,"column":0},"end":{"line":61,"column":1}}},{"name":"validateSign","type":"method","decorator":"api","loc":{"start":{"line":63,"column":1},"end":{"line":66,"column":2}}},{"name":"handleReplaceClick","type":"method","loc":{"start":{"line":68,"column":4},"end":{"line":70,"column":5}}},{"name":"acceptedFormats","type":"property","loc":{"start":{"line":72,"column":4},"end":{"line":74,"column":5}}},{"name":"handleUploadFinished","type":"method","loc":{"start":{"line":76,"column":4},"end":{"line":103,"column":5}}},{"name":"handleMouseMove","type":"method","loc":{"start":{"line":105,"column":5},"end":{"line":110,"column":5}}},{"name":"handleMouseDown","type":"method","loc":{"start":{"line":111,"column":4},"end":{"line":120,"column":5}}},{"name":"handleMouseUp","type":"method","loc":{"start":{"line":121,"column":4},"end":{"line":123,"column":5}}},{"name":"handleMouseOut","type":"method","loc":{"start":{"line":124,"column":4},"end":{"line":126,"column":5}}},{"name":"handleTouchStart","type":"method","loc":{"start":{"line":127,"column":4},"end":{"line":131,"column":5}}},{"name":"handleTouchMove","type":"method","loc":{"start":{"line":133,"column":4},"end":{"line":138,"column":5}}},{"name":"handleTouchEnd","type":"method","loc":{"start":{"line":139,"column":4},"end":{"line":146,"column":5}}},{"name":"renderedCallback","type":"method","loc":{"start":{"line":147,"column":4},"end":{"line":153,"column":7}}},{"name":"signIt","type":"method","loc":{"start":{"line":154,"column":4},"end":{"line":164,"column":5}}},{"name":"downloadSignature","type":"method","loc":{"start":{"line":165,"column":4},"end":{"line":171,"column":5}}},{"name":"saveSignature","type":"method","loc":{"start":{"line":172,"column":4},"end":{"line":221,"column":5}}},{"name":"downloadSign","type":"method","loc":{"start":{"line":222,"column":4},"end":{"line":228,"column":5}}},{"name":"handleClearClick","type":"method","loc":{"start":{"line":229,"column":4},"end":{"line":234,"column":5}}},{"name":"setupCoordinate","type":"method","loc":{"start":{"line":236,"column":4},"end":{"line":242,"column":5}}},{"name":"redraw","type":"method","loc":{"start":{"line":244,"column":4},"end":{"line":252,"column":5}}},{"name":"drawDot","type":"method","loc":{"start":{"line":253,"column":4},"end":{"line":258,"column":5}}}],"declarationLoc":{"start":{"line":21,"column":0},"end":{"line":259,"column":1}},"doc":"","exports":[{"type":"ExportDefaultDeclaration"}]},"updatedAt":"2025-03-17T01:36:52.974Z"},{"_allAttributes":null,"_properties":null,"_methods":null,"file":"d:/VBD Demo Project/force-app/main/default/lwc/vBDHomePageProfileBanner/vBDHomePageProfileBanner.js","metadata":{"decorators":[{"type":"wire","targets":[{"type":"method","name":"getPageReferenceParameters","static":{},"params":{},"adapter":{"name":"CurrentPageReference","reference":"lightning/navigation"}}]},{"type":"track","targets":[{"name":"account","type":"property"},{"name":"isLoading","type":"property"},{"name":"serviceHistoryList","type":"property"}]}],"classMembers":[{"name":"account","type":"property","value":{"type":"object","value":{}},"decorator":"track","loc":{"start":{"line":8,"column":3},"end":{"line":8,"column":23}}},{"name":"isLoading","type":"property","value":{"type":"boolean","value":true},"decorator":"track","loc":{"start":{"line":9,"column":3},"end":{"line":9,"column":27}}},{"name":"renderComponent","type":"property","value":{"type":"boolean","value":false},"loc":{"start":{"line":10,"column":3},"end":{"line":10,"column":27}}},{"name":"currentPageReference","type":"property","value":{"type":"null","value":null},"loc":{"start":{"line":11,"column":3},"end":{"line":11,"column":31}}},{"name":"serviceHistoryList","type":"property","decorator":"track","loc":{"start":{"line":12,"column":3},"end":{"line":12,"column":34}}},{"name":"getPageReferenceParameters","type":"method","decorator":"wire","loc":{"start":{"line":31,"column":3},"end":{"line":37,"column":4}}},{"name":"getAccountDetailsFromBackend","type":"method","loc":{"start":{"line":39,"column":3},"end":{"line":51,"column":4}}},{"name":"fetchServiceHistory","type":"method","doc":"******************************************************************************************\n    * Method Name  : navigateToProfilePage\n    * Description  :  This function is used to navigate to contact support page.\n    * *****************************************************************************************","loc":{"start":{"line":57,"column":3},"end":{"line":61,"column":4}}},{"name":"navigateToProfilePage","type":"property","value":{"type":"unresolved"},"doc":"******************************************************************************************\n    * Method Name  : navigateToProfilePage\n    * Description  :  This function is used to navigate to contact support page.\n    * Author       : -Dayal\n    * Created On   : 29-02-2024\n    * Modification Log:\n    *****************************************************************************************","loc":{"start":{"line":69,"column":3},"end":{"line":81,"column":5}}},{"name":"isContactInfoFieldMissing","type":"property","doc":"******************************************************************************************\n    * Method Name  : navigateToProfilePage\n    * Description  :  This function is used to navigate to contact support page.\n    * *****************************************************************************************","loc":{"start":{"line":87,"column":3},"end":{"line":90,"column":4}}},{"name":"isAddressInfoMissing","type":"property","doc":"******************************************************************************************\n    * Method Name  : navigateToProfilePage\n    * Description  :  This function is used to navigate to contact support page.\n    * *****************************************************************************************","loc":{"start":{"line":96,"column":3},"end":{"line":98,"column":4}}},{"name":"getserviceHistoryList","type":"property","loc":{"start":{"line":100,"column":3},"end":{"line":102,"column":4}}},{"name":"getAllInfoAvailable","type":"property","loc":{"start":{"line":103,"column":3},"end":{"line":105,"column":4}}}],"declarationLoc":{"start":{"line":7,"column":0},"end":{"line":106,"column":1}},"doc":"","exports":[{"type":"ExportDefaultDeclaration"}]},"updatedAt":"2025-03-17T01:40:54.234Z"},{"_allAttributes":null,"_properties":null,"_methods":null,"file":"d:/VBD Demo Project/force-app/main/default/lwc/vBD_portalSearch/vBD_portalSearch.js","metadata":{"decorators":[{"type":"track","targets":[{"name":"showWelcomeText","type":"property"}]}],"classMembers":[{"name":"showWelcomeText","type":"property","value":{"type":"boolean","value":false},"decorator":"track","loc":{"start":{"line":6,"column":4},"end":{"line":6,"column":35}}},{"name":"pageURL","type":"property","value":{"type":"unresolved"},"loc":{"start":{"line":8,"column":4},"end":{"line":8,"column":35}}},{"name":"renderedCallback","type":"method","loc":{"start":{"line":10,"column":4},"end":{"line":18,"column":5}}},{"name":"handleSearchChange","type":"method","loc":{"start":{"line":20,"column":4},"end":{"line":22,"column":5}}},{"name":"handleGenericSearch","type":"method","loc":{"start":{"line":24,"column":4},"end":{"line":26,"column":5}}}],"declarationLoc":{"start":{"line":4,"column":0},"end":{"line":31,"column":1}},"doc":"","exports":[{"type":"ExportDefaultDeclaration"}]},"updatedAt":"2025-03-17T01:40:57.580Z"},{"_allAttributes":null,"_properties":null,"_methods":null,"file":"d:/VBD Demo Project/force-app/main/default/lwc/lpiPortalPath/lpiPortalPath.js","metadata":{"decorators":[{"type":"api","targets":[{"name":"currentStage","type":"property","value":{"type":"unresolved"}},{"name":"listOfStages","type":"property","value":{"type":"array","value":[{"type":"string","value":"bonus-claim-information"},{"type":"string","value":"application-information"},{"type":"string","value":"service-history"},{"type":"string","value":"documents"},{"type":"string","value":"review"}]}},{"type":"method","name":"setProgress"}]}],"classMembers":[{"name":"currentStage","type":"property","value":{"type":"unresolved"},"decorator":"api","loc":{"start":{"line":8,"column":4},"end":{"line":8,"column":22}}},{"name":"recordId","type":"property","loc":{"start":{"line":9,"column":4},"end":{"line":9,"column":13}}},{"name":"listOfStages","type":"property","value":{"type":"array","value":[{"type":"string","value":"bonus-claim-information"},{"type":"string","value":"application-information"},{"type":"string","value":"service-history"},{"type":"string","value":"documents"},{"type":"string","value":"review"}]},"decorator":"api","loc":{"start":{"line":10,"column":4},"end":{"line":10,"column":121}}},{"name":"connectedCallback","type":"method","loc":{"start":{"line":12,"column":4},"end":{"line":16,"column":5}}},{"name":"setProgress","type":"method","decorator":"api","loc":{"start":{"line":18,"column":4},"end":{"line":40,"column":5}}},{"name":"handleMarkerClick","type":"method","loc":{"start":{"line":42,"column":4},"end":{"line":46,"column":5}}},{"name":"initData","type":"method","loc":{"start":{"line":48,"column":4},"end":{"line":92,"column":5}}},{"name":"handleClassChange","type":"method","loc":{"start":{"line":94,"column":4},"end":{"line":101,"column":5}}},{"name":"disableLicensedProfessional","type":"property","loc":{"start":{"line":103,"column":4},"end":{"line":105,"column":5}}}],"declarationLoc":{"start":{"line":4,"column":0},"end":{"line":107,"column":1}},"doc":"","exports":[{"type":"ExportDefaultDeclaration"}]},"updatedAt":"2025-03-20T09:12:41.854Z"},{"_allAttributes":null,"_properties":null,"_methods":null,"file":"d:/VBD Demo Project/force-app/main/default/lwc/portalHeader/portalHeader.js","metadata":{"decorators":[{"type":"wire","targets":[{"type":"method","name":"userDetails","static":{"recordId":{"type":"unresolved"},"fields":{"type":"array","value":[null,null,null,null]}},"params":{},"adapter":{"name":"getRecord","reference":"lightning/uiRecordApi"}}]},{"type":"track","targets":[{"name":"userRecord","type":"property"},{"name":"isLoggedInUser","type":"property"}]}],"classMembers":[{"name":"userId","type":"property","value":{"type":"unresolved"},"loc":{"start":{"line":11,"column":4},"end":{"line":11,"column":16}}},{"name":"clickedButtonLabel","type":"property","loc":{"start":{"line":12,"column":4},"end":{"line":12,"column":23}}},{"name":"userRecord","type":"property","value":{"type":"object","value":{}},"decorator":"track","loc":{"start":{"line":15,"column":4},"end":{"line":15,"column":27}}},{"name":"isLoggedInUser","type":"property","value":{"type":"boolean","value":false},"decorator":"track","loc":{"start":{"line":16,"column":4},"end":{"line":16,"column":34}}},{"name":"connectedCallback","type":"method","loc":{"start":{"line":18,"column":4},"end":{"line":22,"column":5}}},{"name":"handleClick","type":"method","loc":{"start":{"line":25,"column":4},"end":{"line":27,"column":5}}},{"name":"userDetails","type":"method","decorator":"wire","loc":{"start":{"line":29,"column":4},"end":{"line":39,"column":5}}},{"name":"toggleProfile","type":"method","loc":{"start":{"line":41,"column":4},"end":{"line":58,"column":5}}},{"name":"handleProfileClose","type":"method","loc":{"start":{"line":60,"column":4},"end":{"line":66,"column":5}}},{"name":"handleProfile","type":"method","loc":{"start":{"line":69,"column":4},"end":{"line":73,"column":5}}},{"name":"logoutUser","type":"method","loc":{"start":{"line":75,"column":4},"end":{"line":79,"column":5}}},{"name":"redirectToCart","type":"method","loc":{"start":{"line":81,"column":4},"end":{"line":83,"column":5}}},{"name":"redirectToMyApplications","type":"method","loc":{"start":{"line":85,"column":4},"end":{"line":87,"column":5}}},{"name":"redirectToMyRecords","type":"method","loc":{"start":{"line":89,"column":4},"end":{"line":91,"column":5}}},{"name":"redirectToMyCollections","type":"method","loc":{"start":{"line":93,"column":4},"end":{"line":95,"column":5}}},{"name":"redirectToMyDashboard","type":"method","loc":{"start":{"line":96,"column":4},"end":{"line":98,"column":5}}},{"name":"redirectToMyRegulatorycodeviolations","type":"method","loc":{"start":{"line":99,"column":4},"end":{"line":101,"column":5}}},{"name":"redirectToHomePage","type":"method","loc":{"start":{"line":103,"column":4},"end":{"line":105,"column":5}}}],"declarationLoc":{"start":{"line":10,"column":0},"end":{"line":108,"column":1}},"doc":"","exports":[{"type":"ExportDefaultDeclaration"}]},"updatedAt":"2025-03-20T07:43:59.666Z"}]