{
  "id" : "150a2387-0bc0-4235-9504-0ce659ea6f96",
  "mobilePublisherAppUpdateConfig" : {
    "forceAppUpdate" : false,
    "enableAppUpdate" : false,
    "minVersion" : {
      "ios" : {
        "version" : "10.0",
        "url" : "https://apps.apple.com/us"
      },
      "android" : {
        "version" : "10.1",
        "url" : "https://play.google.com/store"
      }
    }
  },
  "nativeMobileNavConfig" : {
    "showBackButton" : true,
    "showHamburgerMenuWithBackButton" : false
  },
  "nativeTabMenu" : {
    "branding" : {
      "iconTintColorUnselected" : "#C9C5C5",
      "barTintColor" : "#FFFFFF"
    },
    "menuItems" : [ {
      "name" : "Home",
      "targetUrl" : "/",
      "iconAsset" : "slds-icon:home"
    } ]
  },
  "showHamburgerMenu" : true,
  "type" : "nativeConfig"
}