<?xml version="1.0" encoding="UTF-8"?>
<Flow xmlns="http://soap.sforce.com/2006/04/metadata">
    <actionCalls>
        <name>Submit_For_Approval</name>
        <label>Submit For Approval</label>
        <locationX>537</locationX>
        <locationY>614</locationY>
        <actionName>submit</actionName>
        <actionType>submit</actionType>
        <flowTransactionModel>CurrentTransaction</flowTransactionModel>
        <inputParameters>
            <name>objectId</name>
            <value>
                <elementReference>recordId</elementReference>
            </value>
        </inputParameters>
        <inputParameters>
            <name>processDefinitionNameOrId</name>
            <value>
                <stringValue>Claim_Program_Manager_Approval</stringValue>
            </value>
        </inputParameters>
        <nameSegment>submit</nameSegment>
        <offset>0</offset>
        <storeOutputAutomatically>true</storeOutputAutomatically>
    </actionCalls>
    <apiVersion>63.0</apiVersion>
    <areMetricsLoggedToDataCloud>false</areMetricsLoggedToDataCloud>
    <customProperties>
        <name>ScreenProgressIndicator</name>
        <value>
            <stringValue>{&quot;location&quot;:&quot;top&quot;,&quot;type&quot;:&quot;simple&quot;}</stringValue>
        </value>
    </customProperties>
    <decisions>
        <name>check_SSN_And_Valid_Address</name>
        <label>check SSN And Valid Address</label>
        <locationX>670</locationX>
        <locationY>290</locationY>
        <defaultConnector>
            <targetReference>Validation_Error_Submission_Not_Allowed</targetReference>
        </defaultConnector>
        <defaultConnectorLabel>Default Outcome</defaultConnectorLabel>
        <rules>
            <name>is_Valid_Data</name>
            <conditionLogic>and</conditionLogic>
            <conditions>
                <leftValueReference>get_Bonus_Claim_Records.Service_Member__r.SSN__c</leftValueReference>
                <operator>NotEqualTo</operator>
            </conditions>
            <conditions>
                <leftValueReference>get_Bonus_Claim_Records.Service_Member__r.MailingStreet</leftValueReference>
                <operator>NotEqualTo</operator>
            </conditions>
            <conditions>
                <leftValueReference>get_Bonus_Claim_Records.Service_Member__r.MailingCity</leftValueReference>
                <operator>NotEqualTo</operator>
            </conditions>
            <conditions>
                <leftValueReference>get_Bonus_Claim_Records.Service_Member__r.MailingState</leftValueReference>
                <operator>NotEqualTo</operator>
            </conditions>
            <conditions>
                <leftValueReference>get_Bonus_Claim_Records.Service_Member__r.MailingPostalCode</leftValueReference>
                <operator>NotEqualTo</operator>
            </conditions>
            <connector>
                <targetReference>confirmation_Notification</targetReference>
            </connector>
            <label>is Valid Data</label>
        </rules>
    </decisions>
    <environments>Default</environments>
    <interviewLabel>V {!$Flow.CurrentDateTime}</interviewLabel>
    <label>VBD Claim Approval Process</label>
    <processMetadataValues>
        <name>BuilderType</name>
        <value>
            <stringValue>LightningFlowBuilder</stringValue>
        </value>
    </processMetadataValues>
    <processMetadataValues>
        <name>CanvasMode</name>
        <value>
            <stringValue>FREE_FORM_CANVAS</stringValue>
        </value>
    </processMetadataValues>
    <processMetadataValues>
        <name>OriginBuilderType</name>
        <value>
            <stringValue>LightningFlowBuilder</stringValue>
        </value>
    </processMetadataValues>
    <processType>Flow</processType>
    <recordLookups>
        <name>get_Bonus_Claim_Records</name>
        <label>get Bonus Claim Records</label>
        <locationX>669</locationX>
        <locationY>182</locationY>
        <assignNullValuesIfNoRecordsFound>false</assignNullValuesIfNoRecordsFound>
        <connector>
            <targetReference>check_SSN_And_Valid_Address</targetReference>
        </connector>
        <filterLogic>and</filterLogic>
        <filters>
            <field>Id</field>
            <operator>EqualTo</operator>
            <value>
                <elementReference>recordId</elementReference>
            </value>
        </filters>
        <getFirstRecordOnly>true</getFirstRecordOnly>
        <object>Bonus_Claim__c</object>
        <storeOutputAutomatically>true</storeOutputAutomatically>
    </recordLookups>
    <recordUpdates>
        <name>Update_Approval</name>
        <label>Update Approval Pending Status</label>
        <locationX>537</locationX>
        <locationY>506</locationY>
        <connector>
            <targetReference>Submit_For_Approval</targetReference>
        </connector>
        <filterLogic>and</filterLogic>
        <filters>
            <field>Id</field>
            <operator>EqualTo</operator>
            <value>
                <elementReference>recordId</elementReference>
            </value>
        </filters>
        <inputAssignments>
            <field>Internal_Status__c</field>
            <value>
                <stringValue>Level 2 - Pending Approval</stringValue>
            </value>
        </inputAssignments>
        <object>Bonus_Claim__c</object>
    </recordUpdates>
    <screens>
        <name>confirmation_Notification</name>
        <label>confirmation_Notification</label>
        <locationX>537</locationX>
        <locationY>398</locationY>
        <allowBack>true</allowBack>
        <allowFinish>true</allowFinish>
        <allowPause>false</allowPause>
        <backButtonLabel>Cancel</backButtonLabel>
        <connector>
            <targetReference>Update_Approval</targetReference>
        </connector>
        <fields>
            <name>confirmation_message</name>
            <fieldText>&lt;p&gt;Are you sure you want to submit for Approval?&lt;/p&gt;</fieldText>
            <fieldType>DisplayText</fieldType>
        </fields>
        <nextOrFinishButtonLabel>Confirm</nextOrFinishButtonLabel>
        <showFooter>true</showFooter>
        <showHeader>true</showHeader>
    </screens>
    <screens>
        <name>Validation_Error_Submission_Not_Allowed</name>
        <label>Validation Error: Submission Not Allowed</label>
        <locationX>801</locationX>
        <locationY>398</locationY>
        <allowBack>true</allowBack>
        <allowFinish>true</allowFinish>
        <allowPause>false</allowPause>
        <fields>
            <name>error_Message</name>
            <fieldText>&lt;p&gt;&lt;span style=&quot;color: rgb(228, 18, 18);&quot;&gt;SSN or Address is invalid. Fix the errors before submitting for approval.&lt;/span&gt;&lt;/p&gt;</fieldText>
            <fieldType>DisplayText</fieldType>
        </fields>
        <showFooter>true</showFooter>
        <showHeader>true</showHeader>
    </screens>
    <start>
        <locationX>543</locationX>
        <locationY>48</locationY>
        <connector>
            <targetReference>get_Bonus_Claim_Records</targetReference>
        </connector>
    </start>
    <status>Active</status>
    <variables>
        <name>recordId</name>
        <dataType>String</dataType>
        <isCollection>false</isCollection>
        <isInput>true</isInput>
        <isOutput>false</isOutput>
    </variables>
    <variables>
        <name>serviceMemberId</name>
        <dataType>String</dataType>
        <isCollection>false</isCollection>
        <isInput>false</isInput>
        <isOutput>false</isOutput>
    </variables>
</Flow>
