<?xml version="1.0" encoding="UTF-8"?>
<ListView xmlns="http://soap.sforce.com/2006/04/metadata">
    <fullName>NewThisWeek</fullName>
    <columns>ACCOUNT.NAME</columns>
    <columns>ACCOUNT.SITE</columns>
    <columns>ACCOUNT.ADDRESS1_STATE</columns>
    <columns>ACCOUNT.PHONE1</columns>
    <columns>ACCOUNT.TYPE</columns>
    <columns>CORE.USERS.ALIAS</columns>
    <filterScope>Everything</filterScope>
    <filters>
        <field>ACCOUNT.CREATED_DATE</field>
        <operation>equals</operation>
        <value>THIS_WEEK</value>
    </filters>
    <label>New This Week</label>
</ListView>
