<?xml version="1.0" encoding="UTF-8"?>
<ListView xmlns="http://soap.sforce.com/2006/04/metadata">
    <fullName>PublicSector__AllAccounts</fullName>
    <columns>ACCOUNT.NAME</columns>
    <columns>ACCOUNT.SITE</columns>
    <columns>ACCOUNT.ADDRESS1_STATE</columns>
    <columns>ACCOUNT.PHONE1</columns>
    <columns>ACCOUNT.TYPE</columns>
    <columns>CORE.USERS.ALIAS</columns>
    <columns>ACCOUNT.CREATED_DATE</columns>
    <filterScope>Everything</filterScope>
    <filters>
        <field>ACCOUNT.RECORDTYPE</field>
        <operation>equals</operation>
        <value>PersonAccount.PersonAccount</value>
    </filters>
    <label>All Accounts</label>
</ListView>
