<?xml version="1.0" encoding="UTF-8"?>
<CustomField xmlns="http://soap.sforce.com/2006/04/metadata">
    <fullName>analyticsdemo_batch_id__c</fullName>
    <description>What: Used by the Analytics Demo Data Tool. Do Not Remove.</description>
    <externalId>false</externalId>
    <label>analyticsdemo_batch_id__c</label>
    <length>50</length>
    <required>false</required>
    <trackFeedHistory>false</trackFeedHistory>
    <trackHistory>false</trackHistory>
    <type>Text</type>
    <unique>false</unique>
</CustomField>
