<?xml version="1.0" encoding="UTF-8"?>
<CustomField xmlns="http://soap.sforce.com/2006/04/metadata">
    <fullName>blng__BillToContact__c</fullName>
    <deleteConstraint>SetNull</deleteConstraint>
    <deprecated>false</deprecated>
    <label>Bill To Contact</label>
    <referenceTo>Contact</referenceTo>
    <relationshipLabel>Accounts</relationshipLabel>
    <relationshipName>Accounts</relationshipName>
    <required>false</required>
    <trackFeedHistory>false</trackFeedHistory>
    <trackHistory>false</trackHistory>
    <type>Lookup</type>
</CustomField>
