<?xml version="1.0" encoding="UTF-8"?>
<CustomField xmlns="http://soap.sforce.com/2006/04/metadata">
    <fullName>Credit_Balance__c</fullName>
    <defaultValue>0</defaultValue>
    <description>What: Demo OMS Credit Limit &amp; Hold
Who: Bill Macaulay When: March 2023</description>
    <label>Credit Balance</label>
    <precision>18</precision>
    <required>false</required>
    <scale>2</scale>
    <trackFeedHistory>false</trackFeedHistory>
    <trackHistory>false</trackHistory>
    <type>Currency</type>
</CustomField>
