<?xml version="1.0" encoding="UTF-8"?>
<CustomField xmlns="http://soap.sforce.com/2006/04/metadata">
    <fullName>Opportunity_Win_Rate__c</fullName>
    <formula>if( AND(NULLVALUE(Number_Closed_Won_Opportunities__c, 0)&lt;&gt;0, NULLVALUE(Number_Closed_Opportunities__c, 0)&lt;&gt;0), Number_Closed_Won_Opportunities__c / Number_Closed_Opportunities__c, 0)</formula>
    <formulaTreatBlanksAs>BlankAsZero</formulaTreatBlanksAs>
    <label>Opportunity Win Rate</label>
    <precision>18</precision>
    <required>false</required>
    <scale>1</scale>
    <trackHistory>false</trackHistory>
    <type>Percent</type>
</CustomField>
