<?xml version="1.0" encoding="UTF-8"?>
<CustomField xmlns="http://soap.sforce.com/2006/04/metadata">
    <fullName>Partner_Certification__c</fullName>
    <label>Partner Certification</label>
    <required>false</required>
    <trackFeedHistory>false</trackFeedHistory>
    <trackHistory>false</trackHistory>
    <type>Picklist</type>
    <valueSet>
        <valueSetDefinition>
            <sorted>false</sorted>
            <value>
                <fullName>Certified Partner</fullName>
                <default>false</default>
                <label>Certified Partner</label>
            </value>
            <value>
                <fullName>Elite Partner</fullName>
                <default>false</default>
                <label>Elite Partner</label>
            </value>
        </valueSetDefinition>
    </valueSet>
</CustomField>
