<?xml version="1.0" encoding="UTF-8"?>
<CustomField xmlns="http://soap.sforce.com/2006/04/metadata">
    <fullName>Ptnr_Onbd_Fmwk__Onboarding_Plan__c</fullName>
    <deleteConstraint>SetNull</deleteConstraint>
    <deprecated>false</deprecated>
    <label>Onboarding Template</label>
    <lookupFilter>
        <active>true</active>
        <filterItems>
            <field>Ptnr_Onbd_Fmwk__Onboarding__c.Ptnr_Onbd_Fmwk__Status__c</field>
            <operation>equals</operation>
            <value>Active</value>
        </filterItems>
        <isOptional>false</isOptional>
    </lookupFilter>
    <referenceTo>Ptnr_Onbd_Fmwk__Onboarding__c</referenceTo>
    <relationshipLabel>Accounts</relationshipLabel>
    <relationshipName>Accounts</relationshipName>
    <required>false</required>
    <trackFeedHistory>false</trackFeedHistory>
    <trackHistory>false</trackHistory>
    <type>Lookup</type>
</CustomField>
