<?xml version="1.0" encoding="UTF-8"?>
<CustomField xmlns="http://soap.sforce.com/2006/04/metadata">
    <fullName>SBQQ__RenewalModel__c</fullName>
    <deprecated>false</deprecated>
    <description>The option to distinguish between Subscription or Asset based renewal.</description>
    <inlineHelpText>Choose Asset Based to make renewals based off of an account&apos;s assets, or choose Contract Based to make renewals based off of contracts created from a quote.</inlineHelpText>
    <label>Renewal Model</label>
    <required>false</required>
    <trackFeedHistory>false</trackFeedHistory>
    <trackHistory>false</trackHistory>
    <type>Picklist</type>
    <valueSet>
        <valueSetDefinition>
            <sorted>false</sorted>
            <value>
                <fullName>Asset Based</fullName>
                <default>false</default>
                <label>Asset Based</label>
            </value>
            <value>
                <fullName>Contract Based</fullName>
                <default>false</default>
                <label>Contract Based</label>
            </value>
        </valueSetDefinition>
    </valueSet>
</CustomField>
