<?xml version="1.0" encoding="UTF-8"?>
<CustomField xmlns="http://soap.sforce.com/2006/04/metadata">
    <fullName>SBQQ__CoTermedContractsCombined__c</fullName>
    <defaultValue>false</defaultValue>
    <deprecated>false</deprecated>
    <description>Flag that controls whether assets and subscriptions from multiple co-teremed contracts are rolled up together. By default, each co-termed contract generates a separate group on renewal quote.</description>
    <inlineHelpText>Enable to combine assets and subscriptions from multiple co-termed contracts. By default, each co-termed contract generates a separate group on renewal quote.</inlineHelpText>
    <label>Combine Co-Termed Contracts</label>
    <trackFeedHistory>false</trackFeedHistory>
    <trackHistory>false</trackHistory>
    <type>Checkbox</type>
</CustomField>
