<?xml version="1.0" encoding="UTF-8"?>
<CustomField xmlns="http://soap.sforce.com/2006/04/metadata">
    <fullName>SBQQ__IgnoreParentContractedPrices__c</fullName>
    <defaultValue>false</defaultValue>
    <deprecated>false</deprecated>
    <description>Select if contracted prices should not be inherited from the parent account.</description>
    <inlineHelpText>Select if contracted prices should not be inherited from the parent account.</inlineHelpText>
    <label>Ignore Parent Contracted Prices</label>
    <trackFeedHistory>false</trackFeedHistory>
    <trackHistory>false</trackHistory>
    <type>Checkbox</type>
</CustomField>
