<?xml version="1.0" encoding="UTF-8"?>
<CustomField xmlns="http://soap.sforce.com/2006/04/metadata">
    <fullName>SBQQ__DefaultOpportunity__c</fullName>
    <deleteConstraint>SetNull</deleteConstraint>
    <deprecated>false</deprecated>
    <description>Default opportunity for this account used by an e-Commerce module to obtain the customer&apos;s price book and associate with &quot;shopping cart&quot; quotes.</description>
    <inlineHelpText>Default opportunity for this account used by an e-Commerce module to obtain the customer&apos;s price book and associate with &quot;shopping cart&quot; quotes.</inlineHelpText>
    <label>Default Opportunity</label>
    <referenceTo>Opportunity</referenceTo>
    <relationshipLabel>Accounts</relationshipLabel>
    <relationshipName>WebAccounts</relationshipName>
    <required>false</required>
    <trackFeedHistory>false</trackFeedHistory>
    <trackHistory>false</trackHistory>
    <type>Lookup</type>
</CustomField>
