<?xml version="1.0" encoding="UTF-8"?>
<CustomField xmlns="http://soap.sforce.com/2006/04/metadata">
    <fullName>SBQQ__RenewalPricingMethod__c</fullName>
    <deprecated>false</deprecated>
    <description>Method for pricing products on renewal.</description>
    <inlineHelpText>Use &quot;Same&quot; to keep the same price paid last time. Use &quot;List&quot; to use current list price. Use &quot;Uplift&quot; to use the price paid last time plus some uplift.</inlineHelpText>
    <label>Renewal Pricing Method</label>
    <required>false</required>
    <trackFeedHistory>false</trackFeedHistory>
    <trackHistory>false</trackHistory>
    <type>Picklist</type>
    <valueSet>
        <valueSetDefinition>
            <sorted>false</sorted>
            <value>
                <fullName>Same</fullName>
                <default>true</default>
                <label>Same</label>
            </value>
            <value>
                <fullName>List</fullName>
                <default>false</default>
                <label>List</label>
            </value>
            <value>
                <fullName>Uplift</fullName>
                <default>false</default>
                <label>Uplift</label>
            </value>
        </valueSetDefinition>
    </valueSet>
</CustomField>
