<?xml version="1.0" encoding="UTF-8"?>
<CustomField xmlns="http://soap.sforce.com/2006/04/metadata">
    <fullName>SBQQ__PreserveBundle__c</fullName>
    <defaultValue>false</defaultValue>
    <deprecated>false</deprecated>
    <description>Select to maintain bundle hierarchy on renewal quotes and amendments</description>
    <inlineHelpText>Select checkbox to maintain bundle hierarchy on renewal quotes and amendments.</inlineHelpText>
    <label>Preserve Bundle Structure</label>
    <trackFeedHistory>false</trackFeedHistory>
    <trackHistory>false</trackHistory>
    <type>Checkbox</type>
</CustomField>
