<?xml version="1.0" encoding="UTF-8"?>
<CustomField xmlns="http://soap.sforce.com/2006/04/metadata">
    <fullName>SBQQ__TaxExempt__c</fullName>
    <deprecated>false</deprecated>
    <description>Selected if this account has active certificates</description>
    <inlineHelpText>Selected if this account has active certificates</inlineHelpText>
    <label>Tax-Exempt</label>
    <required>false</required>
    <trackFeedHistory>true</trackFeedHistory>
    <trackHistory>false</trackHistory>
    <type>Picklist</type>
    <valueSet>
        <valueSetDefinition>
            <sorted>false</sorted>
            <value>
                <fullName>No</fullName>
                <default>true</default>
                <label>No</label>
            </value>
            <value>
                <fullName>Yes</fullName>
                <default>false</default>
                <label>Yes</label>
            </value>
        </valueSetDefinition>
    </valueSet>
</CustomField>
