<?xml version="1.0" encoding="UTF-8"?>
<CustomField xmlns="http://soap.sforce.com/2006/04/metadata">
    <fullName>SBQQ__AssetQuantitiesCombined__c</fullName>
    <defaultValue>false</defaultValue>
    <deprecated>false</deprecated>
    <description>Option to combine quantities of multiple assets for the same product into one line when renewal quote is generated.</description>
    <inlineHelpText>Option to combine quantities of multiple assets for the same product into one line when renewal quote is generated.</inlineHelpText>
    <label>Combine Asset Quantities</label>
    <trackFeedHistory>false</trackFeedHistory>
    <trackHistory>false</trackHistory>
    <type>Checkbox</type>
</CustomField>
