<?xml version="1.0" encoding="UTF-8"?>
<CustomField xmlns="http://soap.sforce.com/2006/04/metadata">
    <fullName>SDO_SFS_Work_Type_for_Quote_Creation__c</fullName>
    <deleteConstraint>SetNull</deleteConstraint>
    <description>What: SFS/FSL Work Type for Quote Creation Field.
Who: SFS Field</description>
    <label>Work Type for Quote Creation</label>
    <referenceTo>WorkType</referenceTo>
    <relationshipLabel>Accounts (Work Type for Quote Creation)</relationshipLabel>
    <relationshipName>Accounts1</relationshipName>
    <required>false</required>
    <trackFeedHistory>false</trackFeedHistory>
    <trackHistory>false</trackHistory>
    <type>Lookup</type>
</CustomField>
