<?xml version="1.0" encoding="UTF-8"?>
<CustomField xmlns="http://soap.sforce.com/2006/04/metadata">
    <fullName>SDO_Partner_Type__c</fullName>
    <description>What: PRM field used in reporting</description>
    <label>Partner Type</label>
    <required>false</required>
    <trackFeedHistory>false</trackFeedHistory>
    <trackHistory>false</trackHistory>
    <type>Picklist</type>
    <valueSet>
        <valueSetDefinition>
            <sorted>false</sorted>
            <value>
                <fullName>Partner</fullName>
                <default>true</default>
                <label>Partner</label>
            </value>
            <value>
                <fullName>Reseller</fullName>
                <default>false</default>
                <label>Reseller</label>
            </value>
            <value>
                <fullName>Distributor</fullName>
                <default>false</default>
                <label>Distributor</label>
            </value>
            <value>
                <fullName>Alliance Partner</fullName>
                <default>false</default>
                <label>Alliance Partner</label>
            </value>
            <value>
                <fullName>Service Provider</fullName>
                <default>false</default>
                <label>Service Provider</label>
            </value>
            <value>
                <fullName>System Integrator</fullName>
                <default>false</default>
                <label>System Integrator</label>
            </value>
            <value>
                <fullName>Service &amp; Support Specialist</fullName>
                <default>false</default>
                <label>Service &amp; Support Specialist</label>
            </value>
        </valueSetDefinition>
    </valueSet>
</CustomField>
