<?xml version="1.0" encoding="UTF-8"?>
<CustomField xmlns="http://soap.sforce.com/2006/04/metadata">
    <fullName>SDO_Account_Priority__c</fullName>
    <description>What: used in Reporting</description>
    <externalId>false</externalId>
    <formula>IF( ( AnnualRevenue &gt;20000000),&quot;High Priority&quot;, IF(AND( AnnualRevenue &lt; 20000000, AnnualRevenue &gt; 10000000),&quot;Medium Priority&quot;, &quot;Low Priority&quot;))</formula>
    <formulaTreatBlanksAs>BlankAsZero</formulaTreatBlanksAs>
    <label>Account Priority</label>
    <required>false</required>
    <trackHistory>false</trackHistory>
    <type>Text</type>
    <unique>false</unique>
</CustomField>
