<?xml version="1.0" encoding="UTF-8"?>
<CustomField xmlns="http://soap.sforce.com/2006/04/metadata">
    <fullName>SDO_MAPS_Days_Since_Last_Visit__c</fullName>
    <description>SDO MAPS number field to represent days since visited Accounts in territories.  This highlights neglected accounts easily in reports and visually in Maps. 02-02-23</description>
    <externalId>false</externalId>
    <label>Days Since Last Visit</label>
    <precision>18</precision>
    <required>false</required>
    <scale>0</scale>
    <trackFeedHistory>false</trackFeedHistory>
    <trackHistory>false</trackHistory>
    <type>Number</type>
    <unique>false</unique>
</CustomField>
