<?xml version="1.0" encoding="UTF-8"?>
<CustomField xmlns="http://soap.sforce.com/2006/04/metadata">
    <fullName>SDO_MAPS_Tag__c</fullName>
    <description>SPM MAPS Account dataset tag to help manage datasets in Maps and Territory Planning.  02-03-23 AB</description>
    <externalId>false</externalId>
    <label>Tag</label>
    <length>10</length>
    <required>false</required>
    <trackFeedHistory>false</trackFeedHistory>
    <trackHistory>false</trackHistory>
    <type>Text</type>
    <unique>false</unique>
</CustomField>
