<?xml version="1.0" encoding="UTF-8"?>
<CustomField xmlns="http://soap.sforce.com/2006/04/metadata">
    <fullName>SDO_Partnership_Status__c</fullName>
    <description>What: Used on the Account - Partner page layout to show the partnership status</description>
    <label>Partnership Status</label>
    <required>false</required>
    <trackFeedHistory>false</trackFeedHistory>
    <trackHistory>false</trackHistory>
    <type>Picklist</type>
    <valueSet>
        <valueSetDefinition>
            <sorted>false</sorted>
            <value>
                <fullName>Active</fullName>
                <default>false</default>
                <label>Active</label>
            </value>
            <value>
                <fullName>Pending</fullName>
                <default>false</default>
                <label>Pending</label>
            </value>
            <value>
                <fullName>Inactive</fullName>
                <default>false</default>
                <label>Inactive</label>
            </value>
            <value>
                <fullName>Suspended</fullName>
                <default>false</default>
                <label>Suspended</label>
            </value>
        </valueSetDefinition>
    </valueSet>
</CustomField>
