<?xml version="1.0" encoding="UTF-8"?>
<CustomField xmlns="http://soap.sforce.com/2006/04/metadata">
    <fullName>SDO_Sales_Closed_Won_Value__c</fullName>
    <description>What: This is automatically calculated from closed opportunities.</description>
    <inlineHelpText>This is automatically calculated from closed opportunities.</inlineHelpText>
    <label>Total Sales</label>
    <summarizedField>Opportunity.Amount</summarizedField>
    <summaryFilterItems>
        <field>Opportunity.StageName</field>
        <operation>equals</operation>
        <value>Closed Won</value>
    </summaryFilterItems>
    <summaryForeignKey>Opportunity.AccountId</summaryForeignKey>
    <summaryOperation>sum</summaryOperation>
    <trackHistory>false</trackHistory>
    <type>Summary</type>
</CustomField>
