<?xml version="1.0" encoding="UTF-8"?>
<CustomField xmlns="http://soap.sforce.com/2006/04/metadata">
    <fullName>SDO_SPM_Upside_Potential__c</fullName>
    <description>SPM Sales Planning Demo Field 9-5-23 Aaron Bendickson</description>
    <externalId>false</externalId>
    <label>Upside Potential</label>
    <precision>18</precision>
    <required>false</required>
    <scale>0</scale>
    <trackFeedHistory>false</trackFeedHistory>
    <trackHistory>false</trackHistory>
    <type>Number</type>
    <unique>false</unique>
</CustomField>
