<?xml version="1.0" encoding="UTF-8"?>
<CustomField xmlns="http://soap.sforce.com/2006/04/metadata">
    <fullName>SDO_Operating_Hours__c</fullName>
    <deleteConstraint>SetNull</deleteConstraint>
    <description>What: Lookup field to Operating Hours Object</description>
    <inlineHelpText>If the customer has defined visiting hours, select them here.</inlineHelpText>
    <label>Operating Hours</label>
    <referenceTo>OperatingHours</referenceTo>
    <relationshipLabel>Accounts</relationshipLabel>
    <relationshipName>Accounts</relationshipName>
    <required>false</required>
    <trackFeedHistory>false</trackFeedHistory>
    <trackHistory>false</trackHistory>
    <type>Lookup</type>
</CustomField>
