<?xml version="1.0" encoding="UTF-8"?>
<CustomField xmlns="http://soap.sforce.com/2006/04/metadata">
    <fullName>SDO_Value__c</fullName>
    <description>What: This field drives the Value Indicator field.  Enter a value of 1-5.</description>
    <externalId>false</externalId>
    <label>Value</label>
    <precision>1</precision>
    <required>false</required>
    <scale>0</scale>
    <trackFeedHistory>false</trackFeedHistory>
    <trackHistory>false</trackHistory>
    <type>Number</type>
    <unique>false</unique>
</CustomField>
