<?xml version="1.0" encoding="UTF-8"?>
<CustomField xmlns="http://soap.sforce.com/2006/04/metadata">
    <fullName>SDO_MAPS_Segment_c__c</fullName>
    <description>SDO MAPS segment field for maps &amp; territory planning segmentation use cases 02-02-23</description>
    <externalId>false</externalId>
    <label>Segment</label>
    <length>50</length>
    <required>false</required>
    <trackFeedHistory>false</trackFeedHistory>
    <trackHistory>false</trackHistory>
    <type>Text</type>
    <unique>false</unique>
</CustomField>
