<?xml version="1.0" encoding="UTF-8"?>
<CustomField xmlns="http://soap.sforce.com/2006/04/metadata">
    <fullName>SDO_Maps_Territory__c</fullName>
    <description>Used in Salesforce Maps demo for maps external data sets</description>
    <externalId>false</externalId>
    <label>Territory Name</label>
    <length>100</length>
    <required>false</required>
    <trackFeedHistory>false</trackFeedHistory>
    <trackHistory>false</trackHistory>
    <type>Text</type>
    <unique>false</unique>
</CustomField>
