<?xml version="1.0" encoding="UTF-8"?>
<CustomField xmlns="http://soap.sforce.com/2006/04/metadata">
    <fullName>SDO_Sales_Closed_Won_Opptys__c</fullName>
    <description>What: Closed Won Oppty Field Roll-up</description>
    <label>Closed Won Opptys</label>
    <summaryFilterItems>
        <field>Opportunity.StageName</field>
        <operation>equals</operation>
        <value>Closed Won</value>
    </summaryFilterItems>
    <summaryForeignKey>Opportunity.AccountId</summaryForeignKey>
    <summaryOperation>count</summaryOperation>
    <trackHistory>false</trackHistory>
    <type>Summary</type>
</CustomField>
