<?xml version="1.0" encoding="UTF-8"?>
<CustomField xmlns="http://soap.sforce.com/2006/04/metadata">
    <fullName>SDO_Analytics_Latest_Sentiment__c</fullName>
    <description>This field is used for Data Pipelines demo. Added June 2021.</description>
    <label>Latest Sentiment</label>
    <required>false</required>
    <trackFeedHistory>false</trackFeedHistory>
    <trackHistory>false</trackHistory>
    <type>Picklist</type>
    <valueSet>
        <restricted>true</restricted>
        <valueSetDefinition>
            <sorted>false</sorted>
            <value>
                <fullName>Negative</fullName>
                <default>false</default>
                <label>Negative</label>
            </value>
            <value>
                <fullName>Positive</fullName>
                <default>false</default>
                <label>Positive</label>
            </value>
        </valueSetDefinition>
    </valueSet>
</CustomField>
