<?xml version="1.0" encoding="UTF-8"?>
<CustomField xmlns="http://soap.sforce.com/2006/04/metadata">
    <fullName>SDO_SFS_Service_Territory__c</fullName>
    <deleteConstraint>SetNull</deleteConstraint>
    <description>What: FSL/SFS Field for Service Territory</description>
    <inlineHelpText>What service territory is this account located in</inlineHelpText>
    <label>Service Territory</label>
    <referenceTo>ServiceTerritory</referenceTo>
    <relationshipLabel>Accounts</relationshipLabel>
    <relationshipName>Accounts</relationshipName>
    <required>false</required>
    <trackFeedHistory>false</trackFeedHistory>
    <trackHistory>false</trackHistory>
    <type>Lookup</type>
</CustomField>
