<?xml version="1.0" encoding="UTF-8"?>
<CustomField xmlns="http://soap.sforce.com/2006/04/metadata">
    <fullName>SDO_Sales_Rating_Indicator__c</fullName>
    <description>What: used in Channel Plans reporting</description>
    <externalId>false</externalId>
    <formula>IMAGE(&apos;https://qnextgen.s3.us-west-1.amazonaws.com/logos/Icon_star.png&apos;, &apos;&apos;,0,0) &amp;
IMAGE(IF (SDO_Value__c &gt; 0, &apos;https://qnextgen.s3.us-west-1.amazonaws.com/logos/Icon_star.png&apos;, &apos;https://qnextgen.s3.us-west-1.amazonaws.com/logos/Icon-+Star+Off.png&apos;),&apos;&apos;,22,22) &amp;&quot;&quot;&amp; 
IMAGE(IF (SDO_Value__c &gt; 1, &apos;https://qnextgen.s3.us-west-1.amazonaws.com/logos/Icon_star.png&apos;, &apos;https://qnextgen.s3.us-west-1.amazonaws.com/logos/Icon-+Star+Off.png&apos;),&apos;&apos;,22,22) &amp;&quot;&quot;&amp; 
IMAGE(IF (SDO_Value__c &gt; 2, &apos;https://qnextgen.s3.us-west-1.amazonaws.com/logos/Icon_star.png&apos;, &apos;https://qnextgen.s3.us-west-1.amazonaws.com/logos/Icon-+Star+Off.png&apos;),&apos;&apos;,22,22) &amp;&quot;&quot;&amp; 
IMAGE(IF (SDO_Value__c &gt; 3, &apos;https://qnextgen.s3.us-west-1.amazonaws.com/logos/Icon_star.png&apos;, &apos;https://qnextgen.s3.us-west-1.amazonaws.com/logos/Icon-+Star+Off.png&apos;),&apos;&apos;,22,22) &amp;&quot;&quot;&amp; 
IMAGE(IF (SDO_Value__c &gt; 4, &apos;https://qnextgen.s3.us-west-1.amazonaws.com/logos/Icon_star.png&apos;, &apos;https://qnextgen.s3.us-west-1.amazonaws.com/logos/Icon-+Star+Off.png&apos;),&apos;&apos;,22,22)</formula>
    <formulaTreatBlanksAs>BlankAsZero</formulaTreatBlanksAs>
    <label>Value Indicator</label>
    <required>false</required>
    <trackHistory>false</trackHistory>
    <type>Text</type>
    <unique>false</unique>
</CustomField>
