<?xml version="1.0" encoding="UTF-8"?>
<CustomField xmlns="http://soap.sforce.com/2006/04/metadata">
    <fullName>SDO_Sales_Number_Leads_Total__c</fullName>
    <defaultValue>0</defaultValue>
    <description>What: Number leads owned by the partner account all time, including converted and active</description>
    <externalId>false</externalId>
    <label>Total Leads</label>
    <precision>18</precision>
    <required>false</required>
    <scale>0</scale>
    <trackFeedHistory>false</trackFeedHistory>
    <trackHistory>false</trackHistory>
    <type>Number</type>
    <unique>false</unique>
</CustomField>
