<?xml version="1.0" encoding="UTF-8"?>
<CustomField xmlns="http://soap.sforce.com/2006/04/metadata">
    <fullName>SDO_MAPS_Adv_Maps_User_Assignment__c</fullName>
    <deleteConstraint>SetNull</deleteConstraint>
    <description>SPM Maps Advanced Routing User Assignment Lookup Field - makes it easier to demo advanced maps routing/visit plans by simplifying the assignment and configuration.  Added by: Aaron Bendickson Aug 18, 2023</description>
    <label>Adv Maps User Assignment</label>
    <referenceTo>User</referenceTo>
    <relationshipName>Accounts1</relationshipName>
    <required>false</required>
    <trackFeedHistory>false</trackFeedHistory>
    <trackHistory>false</trackHistory>
    <type>Lookup</type>
</CustomField>
