<?xml version="1.0" encoding="UTF-8"?>
<CustomField xmlns="http://soap.sforce.com/2006/04/metadata">
    <fullName>SDO_Current_Year_Target__c</fullName>
    <description>What: Roll-up summary of the &quot;Target&quot; field on any Channel Plan marked as &quot;Active&quot;.</description>
    <label>Current Year Target</label>
    <summarizedField>SFDC_Channel_Account_Plan__c.Target__c</summarizedField>
    <summaryFilterItems>
        <field>SFDC_Channel_Account_Plan__c.Active__c</field>
        <operation>equals</operation>
        <value>True</value>
    </summaryFilterItems>
    <summaryForeignKey>SFDC_Channel_Account_Plan__c.SDO_Experience_Partner_Account__c</summaryForeignKey>
    <summaryOperation>sum</summaryOperation>
    <trackHistory>false</trackHistory>
    <type>Summary</type>
</CustomField>
