<?xml version="1.0" encoding="UTF-8"?>
<CustomField xmlns="http://soap.sforce.com/2006/04/metadata">
    <fullName>SDO_Default_Location__c</fullName>
    <deleteConstraint>SetNull</deleteConstraint>
    <description>What: Used on the Account - Community Page layout to detail Default Location information. Lookup to Location Object</description>
    <label>Default Location</label>
    <referenceTo>Location</referenceTo>
    <relationshipLabel>Accounts</relationshipLabel>
    <relationshipName>Accounts</relationshipName>
    <required>false</required>
    <trackFeedHistory>false</trackFeedHistory>
    <trackHistory>false</trackHistory>
    <type>Lookup</type>
</CustomField>
