<?xml version="1.0" encoding="UTF-8"?>
<CustomField xmlns="http://soap.sforce.com/2006/04/metadata">
    <fullName>SDO_SFS_ShippingGeo__c</fullName>
    <description>What: SFS/FSL Field used for Shipping Geo location</description>
    <displayLocationInDecimal>true</displayLocationInDecimal>
    <label>ShippingGeo</label>
    <required>false</required>
    <scale>6</scale>
    <trackFeedHistory>false</trackFeedHistory>
    <trackHistory>false</trackHistory>
    <type>Location</type>
</CustomField>
