<?xml version="1.0" encoding="UTF-8"?>
<CustomField xmlns="http://soap.sforce.com/2006/04/metadata">
    <fullName>SDO_Sales_Open_Oppty_Value__c</fullName>
    <description>What: Display total value of all open opptys by account.</description>
    <label>Open Oppty Value</label>
    <summarizedField>Opportunity.Amount</summarizedField>
    <summaryFilterItems>
        <field>Opportunity.StageName</field>
        <operation>notEqual</operation>
        <value>Closed Won, Closed Lost</value>
    </summaryFilterItems>
    <summaryForeignKey>Opportunity.AccountId</summaryForeignKey>
    <summaryOperation>sum</summaryOperation>
    <trackHistory>false</trackHistory>
    <type>Summary</type>
</CustomField>
