<?xml version="1.0" encoding="UTF-8"?>
<CustomField xmlns="http://soap.sforce.com/2006/04/metadata">
    <fullName>SDO_Maps_AA_User_Territory__c</fullName>
    <deleteConstraint>SetNull</deleteConstraint>
    <description>What: Maps field for assigning a user to the account. Who: Aaron Bendickson. When: Sept, 2021.</description>
    <label>Maps - User Territory</label>
    <referenceTo>User</referenceTo>
    <relationshipName>Accounts</relationshipName>
    <required>false</required>
    <trackFeedHistory>false</trackFeedHistory>
    <trackHistory>false</trackHistory>
    <type>Lookup</type>
</CustomField>
