<?xml version="1.0" encoding="UTF-8"?>
<CustomField xmlns="http://soap.sforce.com/2006/04/metadata">
    <fullName>SDO_SFS_Default_Field_Entitlement__c</fullName>
    <deleteConstraint>SetNull</deleteConstraint>
    <description>What: SFS Field for Default Field Entitlement
Who: FSL team</description>
    <inlineHelpText>Select the default field service entitlement to use for this account and all of its assets</inlineHelpText>
    <label>Default Field Entitlement</label>
    <referenceTo>Entitlement</referenceTo>
    <relationshipLabel>Accounts</relationshipLabel>
    <relationshipName>Accounts</relationshipName>
    <required>false</required>
    <trackFeedHistory>false</trackFeedHistory>
    <trackHistory>false</trackHistory>
    <type>Lookup</type>
</CustomField>
