<?xml version="1.0" encoding="UTF-8"?>
<CustomField xmlns="http://soap.sforce.com/2006/04/metadata">
    <fullName>SDO_Sales_Open_Opptys__c</fullName>
    <description>What: Open Opptys by Account. Who: Sales Team.</description>
    <label>Open Opptys</label>
    <summaryFilterItems>
        <field>Opportunity.StageName</field>
        <operation>notEqual</operation>
        <value>Closed Won, Closed Lost</value>
    </summaryFilterItems>
    <summaryForeignKey>Opportunity.AccountId</summaryForeignKey>
    <summaryOperation>count</summaryOperation>
    <trackHistory>false</trackHistory>
    <type>Summary</type>
</CustomField>
