<?xml version="1.0" encoding="UTF-8"?>
<CustomField xmlns="http://soap.sforce.com/2006/04/metadata">
    <fullName>Sdo_Scom_Default_Store__c</fullName>
    <deleteConstraint>SetNull</deleteConstraint>
    <label>Default Store</label>
    <referenceTo>Location</referenceTo>
    <relationshipLabel>DefaultStoreAccounts</relationshipLabel>
    <relationshipName>DefaultStoreAccounts</relationshipName>
    <required>false</required>
    <trackFeedHistory>false</trackFeedHistory>
    <trackHistory>false</trackHistory>
    <type>Lookup</type>
</CustomField>
