<?xml version="1.0" encoding="UTF-8"?>
<CustomField xmlns="http://soap.sforce.com/2006/04/metadata">
    <fullName>SDO_MAPS_Dataset_Split__c</fullName>
    <description>SDO Maps Account number field to split maps-related datasets equally and easily 02-02-23</description>
    <externalId>false</externalId>
    <label>Account Dataset Split</label>
    <precision>3</precision>
    <required>false</required>
    <scale>0</scale>
    <trackFeedHistory>false</trackFeedHistory>
    <trackHistory>false</trackHistory>
    <type>Number</type>
    <unique>false</unique>
</CustomField>
