<?xml version="1.0" encoding="UTF-8"?>
<CustomField xmlns="http://soap.sforce.com/2006/04/metadata">
    <fullName>SDO_Partner_Program_Level__c</fullName>
    <description>What: PRM field used in reporting</description>
    <label>Partner Program Level</label>
    <required>false</required>
    <trackFeedHistory>false</trackFeedHistory>
    <trackHistory>false</trackHistory>
    <type>Picklist</type>
    <valueSet>
        <valueSetDefinition>
            <sorted>false</sorted>
            <value>
                <fullName>Platinum</fullName>
                <default>false</default>
                <label>Platinum</label>
            </value>
            <value>
                <fullName>Gold</fullName>
                <default>false</default>
                <label>Gold</label>
            </value>
            <value>
                <fullName>Silver</fullName>
                <default>false</default>
                <label>Silver</label>
            </value>
            <value>
                <fullName>Bronze</fullName>
                <default>true</default>
                <label>Bronze</label>
            </value>
        </valueSetDefinition>
    </valueSet>
</CustomField>
