<?xml version="1.0" encoding="UTF-8"?>
<CustomField xmlns="http://soap.sforce.com/2006/04/metadata">
    <fullName>SDO_Partner_Geographic_Coverage__c</fullName>
    <description>What: PRM field used in reporting</description>
    <label>Partner Geographic Coverage</label>
    <required>false</required>
    <trackFeedHistory>false</trackFeedHistory>
    <trackHistory>false</trackHistory>
    <type>MultiselectPicklist</type>
    <valueSet>
        <valueSetDefinition>
            <sorted>false</sorted>
            <value>
                <fullName>APAC</fullName>
                <default>false</default>
                <label>APAC</label>
            </value>
            <value>
                <fullName>North America</fullName>
                <default>false</default>
                <label>North America</label>
            </value>
            <value>
                <fullName>LACA</fullName>
                <default>false</default>
                <label>LACA</label>
            </value>
            <value>
                <fullName>EMEA</fullName>
                <default>false</default>
                <label>EMEA</label>
            </value>
        </valueSetDefinition>
    </valueSet>
    <visibleLines>5</visibleLines>
</CustomField>
