<?xml version="1.0" encoding="UTF-8"?>
<CustomField xmlns="http://soap.sforce.com/2006/04/metadata">
    <fullName>SDO_SFS_Work_Type__c</fullName>
    <deleteConstraint>SetNull</deleteConstraint>
    <description>What: SFS/FSL Field for Work Type reference.
Who: SFS Team</description>
    <inlineHelpText>Default work type to use for this account for field service activity</inlineHelpText>
    <label>Work Type</label>
    <referenceTo>WorkType</referenceTo>
    <relationshipLabel>Accounts</relationshipLabel>
    <relationshipName>Accounts</relationshipName>
    <required>false</required>
    <trackFeedHistory>false</trackFeedHistory>
    <trackHistory>false</trackHistory>
    <type>Lookup</type>
</CustomField>
