<?xml version="1.0" encoding="UTF-8"?>
<CustomField xmlns="http://soap.sforce.com/2006/04/metadata">
    <fullName>SDO_Sales_Region__c</fullName>
    <description>What: Used to regionalize sales information</description>
    <label>Region</label>
    <required>false</required>
    <trackFeedHistory>false</trackFeedHistory>
    <trackHistory>false</trackHistory>
    <type>Picklist</type>
    <valueSet>
        <valueSetDefinition>
            <sorted>false</sorted>
            <value>
                <fullName>East</fullName>
                <default>false</default>
                <label>East</label>
            </value>
            <value>
                <fullName>Central</fullName>
                <default>false</default>
                <label>Central</label>
            </value>
            <value>
                <fullName>West</fullName>
                <default>false</default>
                <label>West</label>
            </value>
        </valueSetDefinition>
    </valueSet>
</CustomField>
