<?xml version="1.0" encoding="UTF-8"?>
<CustomField xmlns="http://soap.sforce.com/2006/04/metadata">
    <fullName>SDO_Default_Price_Book__c</fullName>
    <deleteConstraint>SetNull</deleteConstraint>
    <description>What: Default Price Book for Account reference.</description>
    <inlineHelpText>Default price book for work orders</inlineHelpText>
    <label>Default Price Book</label>
    <referenceTo>Pricebook2</referenceTo>
    <relationshipLabel>Accounts</relationshipLabel>
    <relationshipName>Accounts</relationshipName>
    <required>false</required>
    <trackFeedHistory>false</trackFeedHistory>
    <trackHistory>false</trackHistory>
    <type>Lookup</type>
</CustomField>
