<?xml version="1.0" encoding="UTF-8"?>
<CustomField xmlns="http://soap.sforce.com/2006/04/metadata">
    <fullName>SDO_SPM_Segment_Formatted__c</fullName>
    <description>SPM Sales Planning demo field 9-5-23 Aaron Bendickson</description>
    <externalId>false</externalId>
    <formula>SDO_SPM_Region_Auto_Calc__c + &quot;-&quot; + SDO_SPM_Segment_Auto_Calc__c</formula>
    <formulaTreatBlanksAs>BlankAsZero</formulaTreatBlanksAs>
    <inlineHelpText>Combines Region and Segment to create a formatted Segment name</inlineHelpText>
    <label>Segment (Formatted)</label>
    <required>false</required>
    <trackHistory>false</trackHistory>
    <type>Text</type>
    <unique>false</unique>
</CustomField>
