<?xml version="1.0" encoding="UTF-8"?>
<CustomField xmlns="http://soap.sforce.com/2006/04/metadata">
    <fullName>SDO_Number_Leads_Active__c</fullName>
    <defaultValue>0</defaultValue>
    <description>What: Number of Active Leads for Partner Account</description>
    <externalId>false</externalId>
    <label>Active Leads</label>
    <precision>18</precision>
    <required>false</required>
    <scale>0</scale>
    <trackFeedHistory>false</trackFeedHistory>
    <trackHistory>false</trackHistory>
    <type>Number</type>
    <unique>false</unique>
</CustomField>
