<?xml version="1.0" encoding="UTF-8"?>
<CustomField xmlns="http://soap.sforce.com/2006/04/metadata">
    <fullName>SDO_SPM_Region_Auto_Calc__c</fullName>
    <description>SPM Sales Planning demo field 9-5-23 Aaron Bendickson</description>
    <externalId>false</externalId>
    <formula>CASE( BillingCountry ,&quot;USA&quot;, &quot;USA&quot;,&quot;United States&quot;, &quot;USA&quot;,&quot;US&quot;, &quot;USA&quot;,&quot;Canada&quot;, &quot;CAN&quot;,&quot;CAN&quot;, &quot;CAN&quot;,&quot;CA&quot;, &quot;CA&quot;,&quot;&quot;)</formula>
    <formulaTreatBlanksAs>BlankAsZero</formulaTreatBlanksAs>
    <label>Region (Auto-Calc)</label>
    <required>false</required>
    <trackHistory>false</trackHistory>
    <type>Text</type>
    <unique>false</unique>
</CustomField>
