<?xml version="1.0" encoding="UTF-8"?>
<FieldSet xmlns="http://soap.sforce.com/2006/04/metadata">
    <fullName>FSL__Gantt_Lightbox</fullName>
    <availableFields>
        <field>AccountNumber</field>
        <isFieldManaged>false</isFieldManaged>
        <isRequired>false</isRequired>
    </availableFields>
    <availableFields>
        <field>AccountSource</field>
        <isFieldManaged>false</isFieldManaged>
        <isRequired>false</isRequired>
    </availableFields>
    <availableFields>
        <field>AnnualRevenue</field>
        <isFieldManaged>false</isFieldManaged>
        <isRequired>false</isRequired>
    </availableFields>
    <availableFields>
        <field>BillingCity</field>
        <isFieldManaged>false</isFieldManaged>
        <isRequired>false</isRequired>
    </availableFields>
    <availableFields>
        <field>BillingCountry</field>
        <isFieldManaged>false</isFieldManaged>
        <isRequired>false</isRequired>
    </availableFields>
    <availableFields>
        <field>BillingLatitude</field>
        <isFieldManaged>false</isFieldManaged>
        <isRequired>false</isRequired>
    </availableFields>
    <availableFields>
        <field>BillingLongitude</field>
        <isFieldManaged>false</isFieldManaged>
        <isRequired>false</isRequired>
    </availableFields>
    <availableFields>
        <field>BillingPostalCode</field>
        <isFieldManaged>false</isFieldManaged>
        <isRequired>false</isRequired>
    </availableFields>
    <availableFields>
        <field>BillingState</field>
        <isFieldManaged>false</isFieldManaged>
        <isRequired>false</isRequired>
    </availableFields>
    <availableFields>
        <field>BillingStreet</field>
        <isFieldManaged>false</isFieldManaged>
        <isRequired>false</isRequired>
    </availableFields>
    <availableFields>
        <field>CreatedById</field>
        <isFieldManaged>false</isFieldManaged>
        <isRequired>false</isRequired>
    </availableFields>
    <availableFields>
        <field>CreatedDate</field>
        <isFieldManaged>false</isFieldManaged>
        <isRequired>false</isRequired>
    </availableFields>
    <availableFields>
        <field>Description</field>
        <isFieldManaged>false</isFieldManaged>
        <isRequired>false</isRequired>
    </availableFields>
    <availableFields>
        <field>Fax</field>
        <isFieldManaged>false</isFieldManaged>
        <isRequired>false</isRequired>
    </availableFields>
    <availableFields>
        <field>Id</field>
        <isFieldManaged>false</isFieldManaged>
        <isRequired>false</isRequired>
    </availableFields>
    <availableFields>
        <field>Industry</field>
        <isFieldManaged>false</isFieldManaged>
        <isRequired>false</isRequired>
    </availableFields>
    <availableFields>
        <field>LastModifiedById</field>
        <isFieldManaged>false</isFieldManaged>
        <isRequired>false</isRequired>
    </availableFields>
    <availableFields>
        <field>LastModifiedDate</field>
        <isFieldManaged>false</isFieldManaged>
        <isRequired>false</isRequired>
    </availableFields>
    <availableFields>
        <field>Name</field>
        <isFieldManaged>false</isFieldManaged>
        <isRequired>false</isRequired>
    </availableFields>
    <availableFields>
        <field>NumberOfEmployees</field>
        <isFieldManaged>false</isFieldManaged>
        <isRequired>false</isRequired>
    </availableFields>
    <availableFields>
        <field>OperatingHoursId</field>
        <isFieldManaged>false</isFieldManaged>
        <isRequired>false</isRequired>
    </availableFields>
    <availableFields>
        <field>OwnerId</field>
        <isFieldManaged>false</isFieldManaged>
        <isRequired>false</isRequired>
    </availableFields>
    <availableFields>
        <field>Ownership</field>
        <isFieldManaged>false</isFieldManaged>
        <isRequired>false</isRequired>
    </availableFields>
    <availableFields>
        <field>ParentId</field>
        <isFieldManaged>false</isFieldManaged>
        <isRequired>false</isRequired>
    </availableFields>
    <availableFields>
        <field>ShippingCity</field>
        <isFieldManaged>false</isFieldManaged>
        <isRequired>false</isRequired>
    </availableFields>
    <availableFields>
        <field>ShippingCountry</field>
        <isFieldManaged>false</isFieldManaged>
        <isRequired>false</isRequired>
    </availableFields>
    <availableFields>
        <field>ShippingLatitude</field>
        <isFieldManaged>false</isFieldManaged>
        <isRequired>false</isRequired>
    </availableFields>
    <availableFields>
        <field>ShippingLongitude</field>
        <isFieldManaged>false</isFieldManaged>
        <isRequired>false</isRequired>
    </availableFields>
    <availableFields>
        <field>ShippingPostalCode</field>
        <isFieldManaged>false</isFieldManaged>
        <isRequired>false</isRequired>
    </availableFields>
    <availableFields>
        <field>ShippingState</field>
        <isFieldManaged>false</isFieldManaged>
        <isRequired>false</isRequired>
    </availableFields>
    <availableFields>
        <field>ShippingStreet</field>
        <isFieldManaged>false</isFieldManaged>
        <isRequired>false</isRequired>
    </availableFields>
    <availableFields>
        <field>Sic</field>
        <isFieldManaged>false</isFieldManaged>
        <isRequired>false</isRequired>
    </availableFields>
    <availableFields>
        <field>SicDesc</field>
        <isFieldManaged>false</isFieldManaged>
        <isRequired>false</isRequired>
    </availableFields>
    <availableFields>
        <field>Site</field>
        <isFieldManaged>false</isFieldManaged>
        <isRequired>false</isRequired>
    </availableFields>
    <availableFields>
        <field>TickerSymbol</field>
        <isFieldManaged>false</isFieldManaged>
        <isRequired>false</isRequired>
    </availableFields>
    <availableFields>
        <field>Tier</field>
        <isFieldManaged>false</isFieldManaged>
        <isRequired>false</isRequired>
    </availableFields>
    <description>Gantt lightbox</description>
    <displayedFields>
        <field>Website</field>
        <isFieldManaged>false</isFieldManaged>
        <isRequired>false</isRequired>
    </displayedFields>
    <displayedFields>
        <field>Phone</field>
        <isFieldManaged>false</isFieldManaged>
        <isRequired>false</isRequired>
    </displayedFields>
    <displayedFields>
        <field>Type</field>
        <isFieldManaged>false</isFieldManaged>
        <isRequired>false</isRequired>
    </displayedFields>
    <displayedFields>
        <field>Rating</field>
        <isFieldManaged>false</isFieldManaged>
        <isRequired>false</isRequired>
    </displayedFields>
    <label>Gantt Lightbox</label>
</FieldSet>
