<?xml version="1.0" encoding="UTF-8"?>
<FlexiPage xmlns="http://soap.sforce.com/2006/04/metadata">
    <flexiPageRegions>
        <mode>Replace</mode>
        <name>leftsidebar</name>
        <type>Region</type>
    </flexiPageRegions>
    <flexiPageRegions>
        <mode>Replace</mode>
        <name>main</name>
        <type>Region</type>
    </flexiPageRegions>
    <flexiPageRegions>
        <mode>Replace</mode>
        <name>rightsidebar</name>
        <type>Region</type>
    </flexiPageRegions>
    <masterLabel>VCB Case Record Page</masterLabel>
    <parentFlexiPage>support__Case_rec_L_3col</parentFlexiPage>
    <sobjectType>Case</sobjectType>
    <template>
        <name>flexipage:recordHomeThreeColTemplateDesktop</name>
    </template>
    <type>RecordPage</type>
</FlexiPage>
