<?xml version="1.0" encoding="UTF-8"?>
<FlexiPage xmlns="http://soap.sforce.com/2006/04/metadata">
    <flexiPageRegions>
        <itemInstances>
            <componentInstance>
                <componentName>notes:utilityBarNoteList</componentName>
                <identifier>notes_utilityBarNoteList</identifier>
            </componentInstance>
        </itemInstances>
        <itemInstances>
            <componentInstance>
                <componentName>runtime_sales_todo_list:unifiedToDoListAuraWrapper</componentName>
                <identifier>runtime_sales_todo_list_unifiedToDoListAuraWrapper</identifier>
            </componentInstance>
        </itemInstances>
        <name>utilityItems</name>
        <type>Region</type>
    </flexiPageRegions>
    <flexiPageRegions>
        <name>backgroundComponents</name>
        <type>Background</type>
    </flexiPageRegions>
    <masterLabel>Veterans Bonus - CMS UtilityBar</masterLabel>
    <template>
        <name>one:utilityBarTemplateDesktop</name>
        <properties>
            <name>isLeftAligned</name>
            <value>true</value>
        </properties>
    </template>
    <type>UtilityBar</type>
</FlexiPage>
