<?xml version="1.0" encoding="UTF-8"?>
<LightningComponentBundle xmlns="http://soap.sforce.com/2006/04/metadata">
<apiVersion>62.0</apiVersion>
	<isExposed>true</isExposed>
	<targets>
		<target>lightningCommunity__Default</target>
		<target>lightningCommunity__Page</target>
		<target>lightningCommunity__Page_Layout</target>
		<target>lightning__AppPage</target>
		<target>lightning__HomePage</target>    
		<target>lightning__RecordPage</target>
        <target>lightning__RecordAction</target>
	</targets>
	    <targetConfigs>
        <targetConfig targets="lightning__RecordPage,lightningCommunity__Default">                
                <property name="recordId" type="String" label="Record Id" description="Automatically bind the page's record id to the component variable" default="{!recordId}" />             
        </targetConfig> 
    </targetConfigs>
</LightningComponentBundle>